Exercicio;Tipo de Dívida;Modalidade da Dívida;Carteira;Tipo de Fonte;Fonte SOF Código;Fonte Recursos Código;Fonte Recursos Nome;Movimentação Financeira;Natureza Despesa Detalhada Código;Natureza Despesa Detalhada Nome; Saldo Atual 
2009;Externa;Contratual;MERCADO;Financeira;100;0;RECURSOS ORDINARIOS;Juros e Encargos;329021;JUROS SOBRE A DIVIDA POR CONTRATO;140635298,60
2009;Externa;Contratual;MERCADO;Financeira;100;0;RECURSOS ORDINARIOS;Juros e Encargos;329022;OUTROS ENCARGOS SOBRE A DIVIDA POR CONTRATO;302502280,20
2009;Externa;Contratual;MERCADO;Financeira;100;0;RECURSOS ORDINARIOS;Principal;469071;PRINCIPAL DA DIVIDA POR CONTRATO;429232665,30
2009;Externa;Contratual;MERCADO;Financeira;132;32;JUROS DE MORA DA RECEITA ADMINIST.PELA SRF/SF;Juros e Encargos;329021;JUROS SOBRE A DIVIDA POR CONTRATO;3110171,55
2009;Externa;Contratual;MERCADO;Financeira;132;32;JUROS DE MORA DA RECEITA ADMINIST.PELA SRF/SF;Principal;469071;PRINCIPAL DA DIVIDA POR CONTRATO;8719293,00
2009;Externa;Mobiliária;MERCADO;Financeira;143;43;REFINANCIAMENTO DA DIV. PUBL. MOBIL. FEDERAL;Principal;469076;PRINCIPAL DA DIVIDA MOBILIARIA REFINANCIADA;4952406889,00
2009;Externa;Contratual;MERCADO;Financeira;143;43;REFINANCIAMENTO DA DIV. PUBL. MOBIL. FEDERAL;Principal;469077;PRINCIPAL CORRIGIDO DIVIDA CONTR.REFINANCIADO;4033207189,00
2009;Externa;Contratual;MERCADO;Financeira;144;44;TITULOS DE RESPONSABILID. DO TESOURO NACIONAL;Juros e Encargos;329021;JUROS SOBRE A DIVIDA POR CONTRATO;1015726799,00
2009;Externa;Contratual;MERCADO;Financeira;144;44;TITULOS DE RESPONSABILID. DO TESOURO NACIONAL;Juros e Encargos;329022;OUTROS ENCARGOS SOBRE A DIVIDA POR CONTRATO;1867672,66
2009;Externa;Mobiliária;MERCADO;Financeira;144;44;TITULOS DE RESPONSABILID. DO TESOURO NACIONAL;Juros e Encargos;329023;JUROS,DESAGIOS E DESCONTOS DA DIV. MOBILIARIA;9002324084,00
2009;Externa;Mobiliária;MERCADO;Financeira;144;44;TITULOS DE RESPONSABILID. DO TESOURO NACIONAL;Juros e Encargos;329024;OUTROS ENCARGOS SOBRE A DIVIDA MOBILIARIA;46858604,97
2009;Externa;Mobiliária;MERCADO;Financeira;171;71;REC.DAS OPER.OF.DE CREDITO-RET.DE OC.-BEA/BIB;Principal;469072;PRINCIPAL DA DIVIDA MOBILIARIA RESGATADA;1083991821,00
2009;Externa;Contratual;MERCADO;Financeira;174;74;TAXAS PELO EXERCICIO DO PODER DE POLICIA;Juros e Encargos;329021;JUROS SOBRE A DIVIDA POR CONTRATO;111968,65
2009;Externa;Contratual;MERCADO;Financeira;174;74;TAXAS PELO EXERCICIO DO PODER DE POLICIA;Principal;469071;PRINCIPAL DA DIVIDA POR CONTRATO;502505,31
2009;Externa;Contratual;MERCADO;Financeira;343;43;REFINANCIAMENTO DA DIV. PUBL. MOBIL. FEDERAL;Principal;469077;PRINCIPAL CORRIGIDO DIVIDA CONTR.REFINANCIADO;18313326,06
2009;Externa;Contratual;MERCADO;Financeira;344;44;TITULOS DE RESPONSABILID. DO TESOURO NACIONAL;Juros e Encargos;329021;JUROS SOBRE A DIVIDA POR CONTRATO;6972966,30
2009;Externa;Contratual;MERCADO;Financeira;344;44;TITULOS DE RESPONSABILID. DO TESOURO NACIONAL;Juros e Encargos;329022;OUTROS ENCARGOS SOBRE A DIVIDA POR CONTRATO;50503,43
2009;Externa;Contratual;MERCADO;Primaria;650;50;RECURSOS NAO-FINANCEIROS DIRETAM. ARRECADADOS;Principal;469071;PRINCIPAL DA DIVIDA POR CONTRATO;920254,81
2009;Interna;Contratual;BACEN;Financeira;100;0;RECURSOS ORDINARIOS;Juros e Encargos;329022;OUTROS ENCARGOS SOBRE A DIVIDA POR CONTRATO;351549,10
2009;Interna;Mobiliária;MERCADO;Financeira;100;0;RECURSOS ORDINARIOS;Principal;469072;PRINCIPAL DA DIVIDA MOBILIARIA RESGATADA;1276386992,00
2009;Interna;Mobiliária;MERCADO;Financeira;100;0;RECURSOS ORDINARIOS;Principal;469074;COR.MONET.E CAMBIAL DA DIV.MOBIL.RESGATADA;2249989767,00
2009;Interna;Mobiliária;BACEN;Financeira;143;43;REFINANCIAMENTO DA DIV. PUBL. MOBIL. FEDERAL;Principal;469076;PRINCIPAL DA DIVIDA MOBILIARIA REFINANCIADA;99211412752,00
2009;Interna;Contratual;BACEN;Financeira;144;44;TITULOS DE RESPONSABILID. DO TESOURO NACIONAL;Juros e Encargos;329021;JUROS SOBRE A DIVIDA POR CONTRATO;3397346966,00
2009;Interna;Mobiliária;BACEN;Financeira;144;44;TITULOS DE RESPONSABILID. DO TESOURO NACIONAL;Juros e Encargos;329023;JUROS,DESAGIOS E DESCONTOS DA DIV. MOBILIARIA;5274355424,00
2009;Interna;Contratual;BACEN;Financeira;144;44;TITULOS DE RESPONSABILID. DO TESOURO NACIONAL;Principal;469071;PRINCIPAL DA DIVIDA POR CONTRATO;94725774064,00
2009;Interna;Mobiliária;BACEN;Financeira;152;52;RESULTADO DO BACEN;Juros e Encargos;329023;JUROS,DESAGIOS E DESCONTOS DA DIV. MOBILIARIA;8426373618,00
2009;Interna;Mobiliária;BACEN;Financeira;188;88;REMUNERACAO DAS DISPONIB. DO TESOURO NACIONAL;Juros e Encargos;329023;JUROS,DESAGIOS E DESCONTOS DA DIV. MOBILIARIA;12000000000,00
2009;Interna;Mobiliária;MERCADO;Primaria;197;97;DIVIDENDOS   UNIAO;Principal;469072;PRINCIPAL DA DIVIDA MOBILIARIA RESGATADA;223103747,30
2009;Interna;Mobiliária;MERCADO;Primaria;197;97;DIVIDENDOS   UNIAO;Principal;469074;COR.MONET.E CAMBIAL DA DIV.MOBIL.RESGATADA;276896180,20
2009;Interna;Contratual;MERCADO;Financeira;100;0;RECURSOS ORDINARIOS;Juros e Encargos;329021;JUROS SOBRE A DIVIDA POR CONTRATO;11541793,28
2009;Interna;Contratual;MERCADO;Financeira;100;0;RECURSOS ORDINARIOS;Principal;469071;PRINCIPAL DA DIVIDA POR CONTRATO;28374053,87
2009;Interna;Mobiliária;MERCADO;Financeira;100;0;RECURSOS ORDINARIOS;Principal;469072;PRINCIPAL DA DIVIDA MOBILIARIA RESGATADA;5693668228,00
2009;Interna;Mobiliária;MERCADO;Financeira;100;0;RECURSOS ORDINARIOS;Principal;469074;COR.MONET.E CAMBIAL DA DIV.MOBIL.RESGATADA;1150911,00
2009;Interna;Mobiliária;MERCADO;Primaria;129;29;RECURSOS DE CONCESSOES E PERMISSOES;Principal;469072;PRINCIPAL DA DIVIDA MOBILIARIA RESGATADA;777000000,00
2009;Interna;Mobiliária;MERCADO;Financeira;143;43;REFINANCIAMENTO DA DIV. PUBL. MOBIL. FEDERAL;Principal;469076;PRINCIPAL DA DIVIDA MOBILIARIA REFINANCIADA;157446000000,00
2009;Interna;Contratual;MERCADO;Financeira;143;43;REFINANCIAMENTO DA DIV. PUBL. MOBIL. FEDERAL;Principal;469077;PRINCIPAL CORRIGIDO DIVIDA CONTR.REFINANCIADO;209218,79
2009;Interna;Contratual;MERCADO;Financeira;144;44;TITULOS DE RESPONSABILID. DO TESOURO NACIONAL;Juros e Encargos;329021;JUROS SOBRE A DIVIDA POR CONTRATO;697,59
2009;Interna;Contratual;MERCADO;Financeira;144;44;TITULOS DE RESPONSABILID. DO TESOURO NACIONAL;Juros e Encargos;329022;OUTROS ENCARGOS SOBRE A DIVIDA POR CONTRATO;19,74
2009;Interna;Mobiliária;MERCADO;Financeira;144;44;TITULOS DE RESPONSABILID. DO TESOURO NACIONAL;Juros e Encargos;329023;JUROS,DESAGIOS E DESCONTOS DA DIV. MOBILIARIA;22951778758,00
2009;Interna;Mobiliária;MERCADO;Financeira;152;52;RESULTADO DO BACEN;Juros e Encargos;329023;JUROS,DESAGIOS E DESCONTOS DA DIV. MOBILIARIA;43074065597,00
2009;Interna;Mobiliária;MERCADO;Financeira;152;52;RESULTADO DO BACEN;Principal;469072;PRINCIPAL DA DIVIDA MOBILIARIA RESGATADA;84511253969,00
2009;Interna;Mobiliária;MERCADO;Financeira;152;52;RESULTADO DO BACEN;Principal;469074;COR.MONET.E CAMBIAL DA DIV.MOBIL.RESGATADA;15477540914,00
2009;Interna;Contratual;MERCADO;Financeira;159;59;REC.OPER.OF.CRED.-RET.REF.DIV.MED. E L.PRAZOS;Juros e Encargos;329021;JUROS SOBRE A DIVIDA POR CONTRATO;69822148,00
2009;Interna;Contratual;MERCADO;Financeira;159;59;REC.OPER.OF.CRED.-RET.REF.DIV.MED. E L.PRAZOS;Principal;469071;PRINCIPAL DA DIVIDA POR CONTRATO;128554357,00
2009;Interna;Mobiliária;MERCADO;Financeira;159;59;REC.OPER.OF.CRED.-RET.REF.DIV.MED. E L.PRAZOS;Principal;469072;PRINCIPAL DA DIVIDA MOBILIARIA RESGATADA;11939784606,00
2009;Interna;Contratual;MERCADO;Financeira;173;73;REC.DAS OPER.OF.DE CREDITO-RET.DE OC.EST.MUN.;Juros e Encargos;329021;JUROS SOBRE A DIVIDA POR CONTRATO;1462678711,00
2009;Interna;Contratual;MERCADO;Financeira;173;73;REC.DAS OPER.OF.DE CREDITO-RET.DE OC.EST.MUN.;Principal;469071;PRINCIPAL DA DIVIDA POR CONTRATO;2139610112,00
2009;Interna;Mobiliária;MERCADO;Financeira;173;73;REC.DAS OPER.OF.DE CREDITO-RET.DE OC.EST.MUN.;Principal;469072;PRINCIPAL DA DIVIDA MOBILIARIA RESGATADA;22093328993,00
2009;Interna;Mobiliária;MERCADO;Financeira;188;88;REMUNERACAO DAS DISPONIB. DO TESOURO NACIONAL;Juros e Encargos;329023;JUROS,DESAGIOS E DESCONTOS DA DIV. MOBILIARIA;17420734293,00
2009;Interna;Mobiliária;MERCADO;Primaria;197;97;DIVIDENDOS   UNIAO;Principal;469072;PRINCIPAL DA DIVIDA MOBILIARIA RESGATADA;9184290392,00
2010;Interna;Mobiliária;BACEN;Financeira;143;43;REFINANCIAMENTO DA DIV. PUBL. MOBIL. FEDERAL;Principal;469076;PRINCIPAL DA DIVIDA MOBILIARIA REFINANCIADA;60595165022,00
2010;Interna;Contratual;BACEN;Financeira;143;43;REFINANCIAMENTO DA DIV. PUBL. MOBIL. FEDERAL;Principal;469077;PRINCIPAL CORRIGIDO DIVIDA CONTR.REFINANCIADO;102399,75
2010;Interna;Contratual;BACEN;Financeira;144;44;TITULOS DE RESPONSABILID. DO TESOURO NACIONAL;Juros e Encargos;329021;JUROS SOBRE A DIVIDA POR CONTRATO;1408515536,00
2010;Interna;Contratual;BACEN;Financeira;144;44;TITULOS DE RESPONSABILID. DO TESOURO NACIONAL;Juros e Encargos;329022;OUTROS ENCARGOS SOBRE A DIVIDA POR CONTRATO;278449,78
2010;Interna;Mobiliária;BACEN;Financeira;144;44;TITULOS DE RESPONSABILID. DO TESOURO NACIONAL;Juros e Encargos;329023;JUROS,DESAGIOS E DESCONTOS DA DIV. MOBILIARIA;7162599787,00
2010;Interna;Contratual;BACEN;Financeira;144;44;TITULOS DE RESPONSABILID. DO TESOURO NACIONAL;Principal;469071;PRINCIPAL DA DIVIDA POR CONTRATO;53931576419,00
2010;Interna;Contratual;BACEN;Financeira;159;59;REC.OPER.OF.CRED.-RET.REF.DIV.MED. E L.PRAZOS;Juros e Encargos;329021;JUROS SOBRE A DIVIDA POR CONTRATO;61661171,00
2010;Interna;Contratual;BACEN;Financeira;159;59;REC.OPER.OF.CRED.-RET.REF.DIV.MED. E L.PRAZOS;Principal;469071;PRINCIPAL DA DIVIDA POR CONTRATO;146322441,00
2010;Interna;Contratual;BACEN;Financeira;173;73;REC.DAS OPER.OF.DE CREDITO-RET.DE OC.EST.MUN.;Juros e Encargos;329021;JUROS SOBRE A DIVIDA POR CONTRATO;1513667749,00
2010;Interna;Contratual;BACEN;Financeira;173;73;REC.DAS OPER.OF.DE CREDITO-RET.DE OC.EST.MUN.;Principal;469071;PRINCIPAL DA DIVIDA POR CONTRATO;2908180115,00
2010;Interna;Mobiliária;MERCADO;Financeira;188;88;REMUNERACAO DAS DISPONIB. DO TESOURO NACIONAL;Principal;469072;PRINCIPAL DA DIVIDA MOBILIARIA RESGATADA;571710016,30
2010;Interna;Mobiliária;MERCADO;Financeira;188;88;REMUNERACAO DAS DISPONIB. DO TESOURO NACIONAL;Principal;469074;COR.MONET.E CAMBIAL DA DIV.MOBIL.RESGATADA;1252466657,00
2010;Interna;Mobiliária;BACEN;Financeira;343;43;REFINANCIAMENTO DA DIV. PUBL. MOBIL. FEDERAL;Principal;469076;PRINCIPAL DA DIVIDA MOBILIARIA REFINANCIADA;30000000000,00
2010;Interna;Mobiliária;BACEN;Financeira;352;52;RESULTADO DO BACEN;Juros e Encargos;329023;JUROS,DESAGIOS E DESCONTOS DA DIV. MOBILIARIA;12000000000,00
2010;Interna;Mobiliária;MERCADO;Financeira;352;52;RESULTADO DO BACEN;Principal;469072;PRINCIPAL DA DIVIDA MOBILIARIA RESGATADA;1283733676,00
2010;Interna;Mobiliária;MERCADO;Financeira;352;52;RESULTADO DO BACEN;Principal;469074;COR.MONET.E CAMBIAL DA DIV.MOBIL.RESGATADA;1856296377,00
2010;Interna;Contratual;MERCADO;Financeira;100;0;RECURSOS ORDINARIOS;Juros e Encargos;329021;JUROS SOBRE A DIVIDA POR CONTRATO;62535,04
2010;Interna;Contratual;MERCADO;Financeira;100;0;RECURSOS ORDINARIOS;Principal;469071;PRINCIPAL DA DIVIDA POR CONTRATO;976178,20
2010;Interna;Mobiliária;MERCADO;Financeira;143;43;REFINANCIAMENTO DA DIV. PUBL. MOBIL. FEDERAL;Principal;469076;PRINCIPAL DA DIVIDA MOBILIARIA REFINANCIADA;133215000000,00
2010;Interna;Contratual;MERCADO;Financeira;143;43;REFINANCIAMENTO DA DIV. PUBL. MOBIL. FEDERAL;Principal;469077;PRINCIPAL CORRIGIDO DIVIDA CONTR.REFINANCIADO;1512000,00
2010;Interna;Contratual;MERCADO;Financeira;144;44;TITULOS DE RESPONSABILID. DO TESOURO NACIONAL;Juros e Encargos;329021;JUROS SOBRE A DIVIDA POR CONTRATO;492000,00
2010;Interna;Mobiliária;MERCADO;Financeira;144;44;TITULOS DE RESPONSABILID. DO TESOURO NACIONAL;Juros e Encargos;329023;JUROS,DESAGIOS E DESCONTOS DA DIV. MOBILIARIA;45607583575,00
2010;Interna;Mobiliária;MERCADO;Financeira;152;52;RESULTADO DO BACEN;Juros e Encargos;329023;JUROS,DESAGIOS E DESCONTOS DA DIV. MOBILIARIA;7539808827,00
2010;Interna;Mobiliária;MERCADO;Financeira;152;52;RESULTADO DO BACEN;Principal;469072;PRINCIPAL DA DIVIDA MOBILIARIA RESGATADA;10141000000,00
2010;Interna;Mobiliária;MERCADO;Financeira;159;59;REC.OPER.OF.CRED.-RET.REF.DIV.MED. E L.PRAZOS;Juros e Encargos;329023;JUROS,DESAGIOS E DESCONTOS DA DIV. MOBILIARIA;6716661812,00
2010;Interna;Mobiliária;MERCADO;Financeira;159;59;REC.OPER.OF.CRED.-RET.REF.DIV.MED. E L.PRAZOS;Principal;469072;PRINCIPAL DA DIVIDA MOBILIARIA RESGATADA;6000000000,00
2010;Interna;Mobiliária;MERCADO;Primaria;162;62;REFORMA PATRIMONIAL - ALIENACAO DE BENS;Principal;469072;PRINCIPAL DA DIVIDA MOBILIARIA RESGATADA;24255104,00
2010;Interna;Mobiliária;MERCADO;Financeira;173;73;REC.DAS OPER.OF.DE CREDITO-RET.DE OC.EST.MUN.;Principal;469072;PRINCIPAL DA DIVIDA MOBILIARIA RESGATADA;22847553316,00
2010;Interna;Mobiliária;MERCADO;Financeira;186;86;OUTRAS RECEITAS ORIGINARIAS;Principal;469072;PRINCIPAL DA DIVIDA MOBILIARIA RESGATADA;218649938,00
2010;Interna;Mobiliária;MERCADO;Financeira;188;88;REMUNERACAO DAS DISPONIB. DO TESOURO NACIONAL;Juros e Encargos;329023;JUROS,DESAGIOS E DESCONTOS DA DIV. MOBILIARIA;4470563005,00
2010;Interna;Mobiliária;MERCADO;Financeira;188;88;REMUNERACAO DAS DISPONIB. DO TESOURO NACIONAL;Principal;469072;PRINCIPAL DA DIVIDA MOBILIARIA RESGATADA;4340540917,00
2010;Interna;Mobiliária;MERCADO;Primaria;197;97;DIVIDENDOS   UNIAO;Principal;469072;PRINCIPAL DA DIVIDA MOBILIARIA RESGATADA;13858346521,00
2010;Interna;Mobiliária;MERCADO;Primaria;197;97;DIVIDENDOS   UNIAO;Principal;469074;COR.MONET.E CAMBIAL DA DIV.MOBIL.RESGATADA;562299670,00
2010;Interna;Mobiliária;MERCADO;Financeira;343;43;REFINANCIAMENTO DA DIV. PUBL. MOBIL. FEDERAL;Principal;469076;PRINCIPAL DA DIVIDA MOBILIARIA REFINANCIADA;138021000000,00
2010;Interna;Mobiliária;MERCADO;Financeira;352;52;RESULTADO DO BACEN;Juros e Encargos;329023;JUROS,DESAGIOS E DESCONTOS DA DIV. MOBILIARIA;14510657827,00
2010;Interna;Mobiliária;MERCADO;Financeira;352;52;RESULTADO DO BACEN;Principal;469072;PRINCIPAL DA DIVIDA MOBILIARIA RESGATADA;29758425,29
2010;Interna;Mobiliária;MERCADO;Financeira;359;59;REC.OPER.OF.CRED.-RET.REF.DIV.MED. E L.PRAZOS;Principal;469072;PRINCIPAL DA DIVIDA MOBILIARIA RESGATADA;914146000,00
2010;Interna;Mobiliária;MERCADO;Financeira;373;73;REC.DAS OPER.OF.DE CREDITO-RET.DE OC.EST.MUN.;Principal;469072;PRINCIPAL DA DIVIDA MOBILIARIA RESGATADA;1953366000,00
2010;Interna;Mobiliária;MERCADO;Primaria;386;86;OUTRAS RECEITAS ORIGINARIAS;Principal;469072;PRINCIPAL DA DIVIDA MOBILIARIA RESGATADA;195397000,00
2010;Interna;Mobiliária;MERCADO;Financeira;388;88;REMUNERACAO DAS DISPONIB. DO TESOURO NACIONAL;Juros e Encargos;329023;JUROS,DESAGIOS E DESCONTOS DA DIV. MOBILIARIA;1506131000,00
2010;Interna;Mobiliária;MERCADO;Financeira;388;88;REMUNERACAO DAS DISPONIB. DO TESOURO NACIONAL;Principal;469072;PRINCIPAL DA DIVIDA MOBILIARIA RESGATADA;300326000,00
2010;Interna;Mobiliária;MERCADO;Primaria;397;97;DIVIDENDOS   UNIAO;Principal;469072;PRINCIPAL DA DIVIDA MOBILIARIA RESGATADA;16598680000,00
2010;Externa;Contratual;MERCADO;Financeira;100;0;RECURSOS ORDINARIOS;Juros e Encargos;329021;JUROS SOBRE A DIVIDA POR CONTRATO;11499297,67
2010;Externa;Contratual;MERCADO;Financeira;100;0;RECURSOS ORDINARIOS;Juros e Encargos;329022;OUTROS ENCARGOS SOBRE A DIVIDA POR CONTRATO;114338,54
2010;Externa;Contratual;MERCADO;Financeira;100;0;RECURSOS ORDINARIOS;Principal;469071;PRINCIPAL DA DIVIDA POR CONTRATO;34657485,97
2010;Externa;Contratual;MERCADO;Financeira;132;32;JUROS DE MORA DA RECEITA ADMINIST.PELA SRF/SF;Juros e Encargos;329021;JUROS SOBRE A DIVIDA POR CONTRATO;2576236,15
2010;Externa;Contratual;MERCADO;Financeira;132;32;JUROS DE MORA DA RECEITA ADMINIST.PELA SRF/SF;Principal;469071;PRINCIPAL DA DIVIDA POR CONTRATO;9066319,62
2010;Externa;Mobiliária;MERCADO;Financeira;143;43;REFINANCIAMENTO DA DIV. PUBL. MOBIL. FEDERAL;Principal;469076;PRINCIPAL DA DIVIDA MOBILIARIA REFINANCIADA;9145415058,00
2010;Externa;Contratual;MERCADO;Financeira;143;43;REFINANCIAMENTO DA DIV. PUBL. MOBIL. FEDERAL;Principal;469077;PRINCIPAL CORRIGIDO DIVIDA CONTR.REFINANCIADO;2459604014,00
2010;Externa;Contratual;MERCADO;Financeira;144;44;TITULOS DE RESPONSABILID. DO TESOURO NACIONAL;Juros e Encargos;329021;JUROS SOBRE A DIVIDA POR CONTRATO;680712015,30
2010;Externa;Contratual;MERCADO;Financeira;144;44;TITULOS DE RESPONSABILID. DO TESOURO NACIONAL;Juros e Encargos;329022;OUTROS ENCARGOS SOBRE A DIVIDA POR CONTRATO;75556314,92
2010;Externa;Mobiliária;MERCADO;Financeira;144;44;TITULOS DE RESPONSABILID. DO TESOURO NACIONAL;Juros e Encargos;329023;JUROS,DESAGIOS E DESCONTOS DA DIV. MOBILIARIA;8351390353,00
2010;Externa;Mobiliária;MERCADO;Financeira;144;44;TITULOS DE RESPONSABILID. DO TESOURO NACIONAL;Juros e Encargos;329024;OUTROS ENCARGOS SOBRE A DIVIDA MOBILIARIA;20088006,05
2010;Externa;Mobiliária;MERCADO;Financeira;148;48;OPERACOES DE CREDITO EXTERNAS - EM MOEDA;Principal;469072;PRINCIPAL DA DIVIDA MOBILIARIA RESGATADA;600000000,00
2010;Externa;Mobiliária;MERCADO;Financeira;171;71;REC.DAS OPER.OF.DE CREDITO-RET.DE OC.-BEA/BIB;Juros e Encargos;329023;JUROS,DESAGIOS E DESCONTOS DA DIV. MOBILIARIA;800000000,00
2010;Externa;Mobiliária;MERCADO;Financeira;171;71;REC.DAS OPER.OF.DE CREDITO-RET.DE OC.-BEA/BIB;Principal;469072;PRINCIPAL DA DIVIDA MOBILIARIA RESGATADA;23191704,00
2010;Externa;Contratual;MERCADO;Financeira;174;74;TAXAS PELO EXERCICIO DO PODER DE POLICIA;Juros e Encargos;329021;JUROS SOBRE A DIVIDA POR CONTRATO;12194,15
2010;Externa;Contratual;MERCADO;Financeira;174;74;TAXAS PELO EXERCICIO DO PODER DE POLICIA;Principal;469071;PRINCIPAL DA DIVIDA POR CONTRATO;206178,05
2010;Externa;Contratual;MERCADO;Primaria;250;50;RECURSOS NAO-FINANCEIROS DIRETAM. ARRECADADOS;Juros e Encargos;329021;JUROS SOBRE A DIVIDA POR CONTRATO;112690,27
2010;Externa;Contratual;MERCADO;Primaria;250;50;RECURSOS NAO-FINANCEIROS DIRETAM. ARRECADADOS;Principal;469071;PRINCIPAL DA DIVIDA POR CONTRATO;425725,86
2010;Interna;Mobiliária;BACEN;Financeira;188;88;REMUNERACAO DAS DISPONIB. DO TESOURO NACIONAL;Juros e Encargos;329023;JUROS,DESAGIOS E DESCONTOS DA DIV. MOBILIARIA;9981344087,00
2011;Externa;Contratual;MERCADO;Financeira;100;0;RECURSOS ORDINARIOS;Juros e Encargos;329021;JUROS SOBRE A DIVIDA POR CONTRATO;144454544,20
2011;Externa;Contratual;MERCADO;Financeira;144;44;TITULOS DE RESPONSABILID. DO TESOURO NACIONAL;Juros e Encargos;329021;JUROS SOBRE A DIVIDA POR CONTRATO;492992995,90
2011;Externa;Contratual;MERCADO;Primaria;250;50;RECURSOS NAO-FINANCEIROS DIRETAM. ARRECADADOS;Juros e Encargos;329021;JUROS SOBRE A DIVIDA POR CONTRATO;67918,54
2011;Externa;Contratual;MERCADO;Financeira;100;0;RECURSOS ORDINARIOS;Juros e Encargos;329022;OUTROS ENCARGOS SOBRE A DIVIDA POR CONTRATO;90551808,32
2011;Externa;Contratual;MERCADO;Financeira;144;44;TITULOS DE RESPONSABILID. DO TESOURO NACIONAL;Juros e Encargos;329022;OUTROS ENCARGOS SOBRE A DIVIDA POR CONTRATO;46468269,00
2011;Externa;Mobiliária;MERCADO;Financeira;144;44;TITULOS DE RESPONSABILID. DO TESOURO NACIONAL;Juros e Encargos;329023;JUROS,DESAGIOS E DESCONTOS DA DIV. MOBILIARIA;6368010637,00
2011;Externa;Mobiliária;MERCADO;Financeira;171;71;REC.DAS OPER.OF.DE CREDITO-RET.DE OC.-BEA/BIB;Juros e Encargos;329023;JUROS,DESAGIOS E DESCONTOS DA DIV. MOBILIARIA;880172857,20
2011;Externa;Mobiliária;MERCADO;Financeira;144;44;TITULOS DE RESPONSABILID. DO TESOURO NACIONAL;Juros e Encargos;329024;OUTROS ENCARGOS SOBRE A DIVIDA MOBILIARIA;14435232,81
2011;Externa;Contratual;MERCADO;Financeira;100;0;RECURSOS ORDINARIOS;Principal;469071;PRINCIPAL DA DIVIDA POR CONTRATO;503427721,40
2011;Externa;Contratual;MERCADO;Primaria;250;50;RECURSOS NAO-FINANCEIROS DIRETAM. ARRECADADOS;Principal;469071;PRINCIPAL DA DIVIDA POR CONTRATO;383153,14
2011;Externa;Mobiliária;MERCADO;Financeira;100;0;RECURSOS ORDINARIOS;Principal;469072;PRINCIPAL DA DIVIDA MOBILIARIA RESGATADA;13793895,00
2011;Externa;Mobiliária;MERCADO;Financeira;143;43;REFINANCIAMENTO DA DIV. PUBL. MOBIL. FEDERAL;Principal;469076;PRINCIPAL DA DIVIDA MOBILIARIA REFINANCIADA;6871016701,00
2011;Externa;Contratual;MERCADO;Financeira;143;43;REFINANCIAMENTO DA DIV. PUBL. MOBIL. FEDERAL;Principal;469077;PRINCIPAL CORRIGIDO DIVIDA CONTR.REFINANCIADO;11554099419,00
2011;Interna;Contratual;MERCADO;Financeira;100;0;RECURSOS ORDINARIOS;Juros e Encargos;329021;JUROS SOBRE A DIVIDA POR CONTRATO;11635,53
2011;Interna;Contratual;MERCADO;Financeira;280;80;RECURSOS FINANCEIROS DIRETAMENTE ARRECADADOS;Juros e Encargos;329021;JUROS SOBRE A DIVIDA POR CONTRATO;383806,70
2011;Interna;Contratual;MERCADO;Financeira;280;80;RECURSOS FINANCEIROS DIRETAMENTE ARRECADADOS;Juros e Encargos;329022;OUTROS ENCARGOS SOBRE A DIVIDA POR CONTRATO;10880,56
2011;Interna;Mobiliária;MERCADO;Financeira;144;44;TITULOS DE RESPONSABILID. DO TESOURO NACIONAL;Juros e Encargos;329023;JUROS,DESAGIOS E DESCONTOS DA DIV. MOBILIARIA;43153055696,00
2011;Interna;Mobiliária;MERCADO;Financeira;152;52;RESULTADO DO BACEN;Juros e Encargos;329023;JUROS,DESAGIOS E DESCONTOS DA DIV. MOBILIARIA;8000000000,00
2011;Interna;Mobiliária;MERCADO;Financeira;159;59;REC.OPER.OF.CRED.-RET.REF.DIV.MED. E L.PRAZOS;Juros e Encargos;329023;JUROS,DESAGIOS E DESCONTOS DA DIV. MOBILIARIA;7388901252,00
2011;Interna;Mobiliária;MERCADO;Financeira;188;88;REMUNERACAO DAS DISPONIB. DO TESOURO NACIONAL;Juros e Encargos;329023;JUROS,DESAGIOS E DESCONTOS DA DIV. MOBILIARIA;9830914008,00
2011;Interna;Mobiliária;MERCADO;Financeira;344;44;TITULOS DE RESPONSABILID. DO TESOURO NACIONAL;Juros e Encargos;329023;JUROS,DESAGIOS E DESCONTOS DA DIV. MOBILIARIA;13970354000,00
2011;Interna;Contratual;MERCADO;Financeira;100;0;RECURSOS ORDINARIOS;Principal;469071;PRINCIPAL DA DIVIDA POR CONTRATO;574492,50
2011;Interna;Contratual;MERCADO;Financeira;280;80;RECURSOS FINANCEIROS DIRETAMENTE ARRECADADOS;Principal;469071;PRINCIPAL DA DIVIDA POR CONTRATO;321934,29
2011;Interna;Mobiliária;MERCADO;Financeira;100;0;RECURSOS ORDINARIOS;Principal;469072;PRINCIPAL DA DIVIDA MOBILIARIA RESGATADA;1446886130,00
2011;Interna;Mobiliária;MERCADO;Financeira;152;52;RESULTADO DO BACEN;Principal;469072;PRINCIPAL DA DIVIDA MOBILIARIA RESGATADA;7572000000,00
2011;Interna;Mobiliária;MERCADO;Financeira;159;59;REC.OPER.OF.CRED.-RET.REF.DIV.MED. E L.PRAZOS;Principal;469072;PRINCIPAL DA DIVIDA MOBILIARIA RESGATADA;14925832685,00
2011;Interna;Mobiliária;MERCADO;Primaria;162;62;REFORMA PATRIMONIAL - ALIENACAO DE BENS;Principal;469072;PRINCIPAL DA DIVIDA MOBILIARIA RESGATADA;17421272,00
2011;Interna;Mobiliária;MERCADO;Financeira;173;73;REC.DAS OPER.OF.DE CREDITO-RET.DE OC.EST.MUN.;Principal;469072;PRINCIPAL DA DIVIDA MOBILIARIA RESGATADA;19389582461,00
2011;Interna;Mobiliária;MERCADO;Primaria;186;86;OUTRAS RECEITAS ORIGINARIAS;Principal;469072;PRINCIPAL DA DIVIDA MOBILIARIA RESGATADA;288036389,00
2011;Interna;Mobiliária;MERCADO;Financeira;188;88;REMUNERACAO DAS DISPONIB. DO TESOURO NACIONAL;Principal;469072;PRINCIPAL DA DIVIDA MOBILIARIA RESGATADA;802472608,00
2011;Interna;Mobiliária;MERCADO;Primaria;197;97;DIVIDENDOS   UNIAO;Principal;469072;PRINCIPAL DA DIVIDA MOBILIARIA RESGATADA;16277866561,00
2011;Interna;Mobiliária;MERCADO;Financeira;352;52;RESULTADO DO BACEN;Principal;469072;PRINCIPAL DA DIVIDA MOBILIARIA RESGATADA;4301848000,00
2011;Interna;Mobiliária;MERCADO;Financeira;359;59;REC.OPER.OF.CRED.-RET.REF.DIV.MED. E L.PRAZOS;Principal;469072;PRINCIPAL DA DIVIDA MOBILIARIA RESGATADA;6145264000,00
2011;Interna;Mobiliária;MERCADO;Financeira;373;73;REC.DAS OPER.OF.DE CREDITO-RET.DE OC.EST.MUN.;Principal;469072;PRINCIPAL DA DIVIDA MOBILIARIA RESGATADA;1128216093,00
2011;Interna;Mobiliária;MERCADO;Primaria;397;97;DIVIDENDOS   UNIAO;Principal;469072;PRINCIPAL DA DIVIDA MOBILIARIA RESGATADA;7427734000,00
2011;Interna;Mobiliária;MERCADO;Financeira;173;73;REC.DAS OPER.OF.DE CREDITO-RET.DE OC.EST.MUN.;Principal;469074;COR.MONET.E CAMBIAL DA DIV.MOBIL.RESGATADA;6279900076,00
2011;Interna;Mobiliária;MERCADO;Primaria;197;97;DIVIDENDOS   UNIAO;Principal;469074;COR.MONET.E CAMBIAL DA DIV.MOBIL.RESGATADA;1000000000,00
2011;Interna;Mobiliária;MERCADO;Financeira;373;73;REC.DAS OPER.OF.DE CREDITO-RET.DE OC.EST.MUN.;Principal;469074;COR.MONET.E CAMBIAL DA DIV.MOBIL.RESGATADA;1294916907,00
2011;Interna;Mobiliária;MERCADO;Financeira;143;43;REFINANCIAMENTO DA DIV. PUBL. MOBIL. FEDERAL;Principal;469076;PRINCIPAL DA DIVIDA MOBILIARIA REFINANCIADA;108018000000,00
2011;Interna;Mobiliária;MERCADO;Financeira;343;43;REFINANCIAMENTO DA DIV. PUBL. MOBIL. FEDERAL;Principal;469076;PRINCIPAL DA DIVIDA MOBILIARIA REFINANCIADA;166689000000,00
2011;Interna;Contratual;BACEN;Financeira;100;0;RECURSOS ORDINARIOS;Juros e Encargos;329021;JUROS SOBRE A DIVIDA POR CONTRATO;5543996,02
2011;Interna;Contratual;BACEN;Financeira;144;44;TITULOS DE RESPONSABILID. DO TESOURO NACIONAL;Juros e Encargos;329021;JUROS SOBRE A DIVIDA POR CONTRATO;111306593,90
2011;Interna;Contratual;BACEN;Financeira;159;59;REC.OPER.OF.CRED.-RET.REF.DIV.MED. E L.PRAZOS;Juros e Encargos;329021;JUROS SOBRE A DIVIDA POR CONTRATO;30928865,31
2011;Interna;Contratual;BACEN;Financeira;173;73;REC.DAS OPER.OF.DE CREDITO-RET.DE OC.EST.MUN.;Juros e Encargos;329021;JUROS SOBRE A DIVIDA POR CONTRATO;1721339842,00
2011;Interna;Contratual;BACEN;Financeira;100;0;RECURSOS ORDINARIOS;Juros e Encargos;329022;OUTROS ENCARGOS SOBRE A DIVIDA POR CONTRATO;246042,25
2011;Interna;Mobiliária;BACEN;Financeira;144;44;TITULOS DE RESPONSABILID. DO TESOURO NACIONAL;Juros e Encargos;329023;JUROS,DESAGIOS E DESCONTOS DA DIV. MOBILIARIA;26874916957,00
2011;Interna;Mobiliária;BACEN;Financeira;152;52;RESULTADO DO BACEN;Juros e Encargos;329023;JUROS,DESAGIOS E DESCONTOS DA DIV. MOBILIARIA;1911488700,00
2011;Interna;Mobiliária;BACEN;Financeira;188;88;REMUNERACAO DAS DISPONIB. DO TESOURO NACIONAL;Juros e Encargos;329023;JUROS,DESAGIOS E DESCONTOS DA DIV. MOBILIARIA;10000000000,00
2011;Interna;Contratual;BACEN;Financeira;100;0;RECURSOS ORDINARIOS;Principal;469071;PRINCIPAL DA DIVIDA POR CONTRATO;12362873,10
2011;Interna;Contratual;BACEN;Financeira;144;44;TITULOS DE RESPONSABILID. DO TESOURO NACIONAL;Principal;469071;PRINCIPAL DA DIVIDA POR CONTRATO;1893172115,00
2011;Interna;Contratual;BACEN;Financeira;159;59;REC.OPER.OF.CRED.-RET.REF.DIV.MED. E L.PRAZOS;Principal;469071;PRINCIPAL DA DIVIDA POR CONTRATO;106132218,50
2011;Interna;Contratual;BACEN;Financeira;173;73;REC.DAS OPER.OF.DE CREDITO-RET.DE OC.EST.MUN.;Principal;469071;PRINCIPAL DA DIVIDA POR CONTRATO;2911546259,00
2011;Interna;Mobiliária;MERCADO;Financeira;100;0;RECURSOS ORDINARIOS;Principal;469072;PRINCIPAL DA DIVIDA MOBILIARIA RESGATADA;18938701,18
2011;Interna;Mobiliária;MERCADO;Financeira;188;88;REMUNERACAO DAS DISPONIB. DO TESOURO NACIONAL;Principal;469072;PRINCIPAL DA DIVIDA MOBILIARIA RESGATADA;2017698802,00
2011;Interna;Mobiliária;MERCADO;Financeira;100;0;RECURSOS ORDINARIOS;Principal;469074;COR.MONET.E CAMBIAL DA DIV.MOBIL.RESGATADA;38438357,82
2011;Interna;Mobiliária;MERCADO;Financeira;188;88;REMUNERACAO DAS DISPONIB. DO TESOURO NACIONAL;Principal;469074;COR.MONET.E CAMBIAL DA DIV.MOBIL.RESGATADA;1813103941,00
2011;Interna;Mobiliária;BACEN;Financeira;143;43;REFINANCIAMENTO DA DIV. PUBL. MOBIL. FEDERAL;Principal;469076;PRINCIPAL DA DIVIDA MOBILIARIA REFINANCIADA;186237000000,00
2012;Externa;Contratual;MERCADO;Financeira;144;44;TITULOS DE RESPONSABILID. DO TESOURO NACIONAL;Juros e Encargos;329021;JUROS SOBRE A DIVIDA POR CONTRATO;587644602,20
2012;Externa;Contratual;MERCADO;Primaria;250;50;RECURSOS NAO-FINANCEIROS DIRETAM. ARRECADADOS;Juros e Encargos;329021;JUROS SOBRE A DIVIDA POR CONTRATO;33785,00
2012;Externa;Contratual;MERCADO;Financeira;388;88;REMUNERACAO DAS DISPONIB. DO TESOURO NACIONAL;Juros e Encargos;329021;JUROS SOBRE A DIVIDA POR CONTRATO;656615,43
2012;Externa;Contratual;MERCADO;Financeira;144;44;TITULOS DE RESPONSABILID. DO TESOURO NACIONAL;Juros e Encargos;329022;OUTROS ENCARGOS SOBRE A DIVIDA POR CONTRATO;74133582,79
2012;Externa;Contratual;MERCADO;Financeira;388;88;REMUNERACAO DAS DISPONIB. DO TESOURO NACIONAL;Juros e Encargos;329022;OUTROS ENCARGOS SOBRE A DIVIDA POR CONTRATO;100,35
2012;Externa;Mobiliária;MERCADO;Financeira;144;44;TITULOS DE RESPONSABILID. DO TESOURO NACIONAL;Juros e Encargos;329023;JUROS,DESAGIOS E DESCONTOS DA DIV. MOBILIARIA;6832636012,00
2012;Externa;Mobiliária;MERCADO;Financeira;144;44;TITULOS DE RESPONSABILID. DO TESOURO NACIONAL;Juros e Encargos;329024;OUTROS ENCARGOS SOBRE A DIVIDA MOBILIARIA;25180768,28
2012;Externa;Contratual;MERCADO;Financeira;100;0;RECURSOS ORDINARIOS;Principal;469071;PRINCIPAL DA DIVIDA POR CONTRATO;3861535,69
2012;Externa;Contratual;MERCADO;Primaria;250;50;RECURSOS NAO-FINANCEIROS DIRETAM. ARRECADADOS;Principal;469071;PRINCIPAL DA DIVIDA POR CONTRATO;391166,00
2012;Externa;Contratual;MERCADO;Financeira;388;88;REMUNERACAO DAS DISPONIB. DO TESOURO NACIONAL;Principal;469071;PRINCIPAL DA DIVIDA POR CONTRATO;1846161,73
2012;Externa;Mobiliária;MERCADO;Financeira;171;71;REC.DAS OPER.OF.DE CREDITO-RET.DE OC.-BEA/BIB;Principal;469072;PRINCIPAL DA DIVIDA MOBILIARIA RESGATADA;607905265,00
2012;Externa;Mobiliária;MERCADO;Financeira;348;48;OPERACOES DE CREDITO EXTERNAS - EM MOEDA;Principal;469072;PRINCIPAL DA DIVIDA MOBILIARIA RESGATADA;1551613000,00
2012;Externa;Mobiliária;MERCADO;Financeira;143;43;REFINANCIAMENTO DA DIV. PUBL. MOBIL. FEDERAL;Principal;469076;PRINCIPAL DA DIVIDA MOBILIARIA REFINANCIADA;4289762379,00
2012;Externa;Contratual;MERCADO;Financeira;143;43;REFINANCIAMENTO DA DIV. PUBL. MOBIL. FEDERAL;Principal;469077;PRINCIPAL CORRIGIDO DIVIDA CONTR.REFINANCIADO;1813667859,00
2012;Interna;Contratual;MERCADO;Financeira;280;80;RECURSOS FINANCEIROS DIRETAMENTE ARRECADADOS;Juros e Encargos;329021;JUROS SOBRE A DIVIDA POR CONTRATO;428414,94
2012;Interna;Contratual;MERCADO;Financeira;280;80;RECURSOS FINANCEIROS DIRETAMENTE ARRECADADOS;Juros e Encargos;329022;OUTROS ENCARGOS SOBRE A DIVIDA POR CONTRATO;13237,16
2012;Interna;Mobiliária;MERCADO;Financeira;144;44;TITULOS DE RESPONSABILID. DO TESOURO NACIONAL;Juros e Encargos;329023;JUROS,DESAGIOS E DESCONTOS DA DIV. MOBILIARIA;43234163624,00
2012;Interna;Mobiliária;MERCADO;Financeira;152;52;RESULTADO DO BACEN;Juros e Encargos;329023;JUROS,DESAGIOS E DESCONTOS DA DIV. MOBILIARIA;6000000000,00
2012;Interna;Mobiliária;MERCADO;Financeira;159;59;REC.OPER.OF.CRED.-RET.REF.DIV.MED. E L.PRAZOS;Juros e Encargos;329023;JUROS,DESAGIOS E DESCONTOS DA DIV. MOBILIARIA;15000000000,00
2012;Interna;Mobiliária;MERCADO;Financeira;188;88;REMUNERACAO DAS DISPONIB. DO TESOURO NACIONAL;Juros e Encargos;329023;JUROS,DESAGIOS E DESCONTOS DA DIV. MOBILIARIA;10000000000,00
2012;Interna;Contratual;MERCADO;Financeira;280;80;RECURSOS FINANCEIROS DIRETAMENTE ARRECADADOS;Principal;469071;PRINCIPAL DA DIVIDA POR CONTRATO;342116,44
2012;Interna;Mobiliária;MERCADO;Financeira;100;0;RECURSOS ORDINARIOS;Principal;469072;PRINCIPAL DA DIVIDA MOBILIARIA RESGATADA;15381966393,00
2012;Interna;Mobiliária;MERCADO;Financeira;152;52;RESULTADO DO BACEN;Principal;469072;PRINCIPAL DA DIVIDA MOBILIARIA RESGATADA;75921698913,00
2012;Interna;Mobiliária;MERCADO;Financeira;159;59;REC.OPER.OF.CRED.-RET.REF.DIV.MED. E L.PRAZOS;Principal;469072;PRINCIPAL DA DIVIDA MOBILIARIA RESGATADA;5031365683,00
2012;Interna;Mobiliária;MERCADO;Financeira;173;73;REC.DAS OPER.OF.DE CREDITO-RET.DE OC.EST.MUN.;Principal;469072;PRINCIPAL DA DIVIDA MOBILIARIA RESGATADA;28953666911,00
2012;Interna;Mobiliária;MERCADO;Financeira;188;88;REMUNERACAO DAS DISPONIB. DO TESOURO NACIONAL;Principal;469072;PRINCIPAL DA DIVIDA MOBILIARIA RESGATADA;782828436,40
2012;Interna;Mobiliária;MERCADO;Primaria;197;97;DIVIDENDOS   UNIAO;Principal;469072;PRINCIPAL DA DIVIDA MOBILIARIA RESGATADA;18741158540,00
2012;Interna;Mobiliária;MERCADO;Primaria;329;29;RECURSOS DE CONCESSOES E PERMISSOES;Principal;469072;PRINCIPAL DA DIVIDA MOBILIARIA RESGATADA;1755546000,00
2012;Interna;Mobiliária;MERCADO;Financeira;359;59;REC.OPER.OF.CRED.-RET.REF.DIV.MED. E L.PRAZOS;Principal;469072;PRINCIPAL DA DIVIDA MOBILIARIA RESGATADA;3056793000,00
2012;Interna;Mobiliária;MERCADO;Primaria;362;62;REFORMA PATRIMONIAL - ALIENACAO DE BENS;Principal;469072;PRINCIPAL DA DIVIDA MOBILIARIA RESGATADA;14625000,00
2012;Interna;Mobiliária;MERCADO;Financeira;367;67;"NOTAS DO TES.NAC. - SERIE ""P""- MOEDA CORRENTE";Principal;469072;PRINCIPAL DA DIVIDA MOBILIARIA RESGATADA;1675000,00
2012;Interna;Mobiliária;MERCADO;Financeira;373;73;REC.DAS OPER.OF.DE CREDITO-RET.DE OC.EST.MUN.;Principal;469072;PRINCIPAL DA DIVIDA MOBILIARIA RESGATADA;3904000000,00
2012;Interna;Mobiliária;MERCADO;Primaria;386;86;OUTRAS RECEITAS VINCULADAS;Principal;469072;PRINCIPAL DA DIVIDA MOBILIARIA RESGATADA;1284312000,00
2012;Interna;Mobiliária;MERCADO;Primaria;387;87;ALIENACAO DE TITULOS E VALORES MOBILIARIOS;Principal;469072;PRINCIPAL DA DIVIDA MOBILIARIA RESGATADA;1399000,00
2012;Interna;Mobiliária;MERCADO;Primaria;397;97;DIVIDENDOS   UNIAO;Principal;469072;PRINCIPAL DA DIVIDA MOBILIARIA RESGATADA;2251201000,00
2012;Interna;Mobiliária;MERCADO;Primaria;197;97;DIVIDENDOS   UNIAO;Principal;469074;COR.MONET.E CAMBIAL DA DIV.MOBIL.RESGATADA;1329879822,00
2012;Interna;Mobiliária;MERCADO;Financeira;143;43;REFINANCIAMENTO DA DIV. PUBL. MOBIL. FEDERAL;Principal;469076;PRINCIPAL DA DIVIDA MOBILIARIA REFINANCIADA;74838153920,00
2012;Interna;Mobiliária;MERCADO;Financeira;343;43;REFINANCIAMENTO DA DIV. PUBL. MOBIL. FEDERAL;Principal;469076;PRINCIPAL DA DIVIDA MOBILIARIA REFINANCIADA;161718000000,00
2012;Interna;Contratual;MERCADO;Financeira;143;43;REFINANCIAMENTO DA DIV. PUBL. MOBIL. FEDERAL;Principal;469077;PRINCIPAL CORRIGIDO DIVIDA CONTR.REFINANCIADO;9859,13
2012;Interna;Contratual;BACEN;Financeira;144;44;TITULOS DE RESPONSABILID. DO TESOURO NACIONAL;Juros e Encargos;329021;JUROS SOBRE A DIVIDA POR CONTRATO;9075811639,00
2012;Interna;Contratual;BACEN;Financeira;159;59;REC.OPER.OF.CRED.-RET.REF.DIV.MED. E L.PRAZOS;Juros e Encargos;329021;JUROS SOBRE A DIVIDA POR CONTRATO;36924040,77
2012;Interna;Contratual;BACEN;Financeira;173;73;REC.DAS OPER.OF.DE CREDITO-RET.DE OC.EST.MUN.;Juros e Encargos;329021;JUROS SOBRE A DIVIDA POR CONTRATO;987095429,40
2012;Interna;Contratual;BACEN;Financeira;144;44;TITULOS DE RESPONSABILID. DO TESOURO NACIONAL;Juros e Encargos;329022;OUTROS ENCARGOS SOBRE A DIVIDA POR CONTRATO;254382,89
2012;Interna;Mobiliária;BACEN;Financeira;144;44;TITULOS DE RESPONSABILID. DO TESOURO NACIONAL;Juros e Encargos;329023;JUROS,DESAGIOS E DESCONTOS DA DIV. MOBILIARIA;18614146277,00
2012;Interna;Mobiliária;BACEN;Financeira;152;52;RESULTADO DO BACEN;Juros e Encargos;329023;JUROS,DESAGIOS E DESCONTOS DA DIV. MOBILIARIA;4000000000,00
2012;Interna;Mobiliária;BACEN;Financeira;188;88;REMUNERACAO DAS DISPONIB. DO TESOURO NACIONAL;Juros e Encargos;329023;JUROS,DESAGIOS E DESCONTOS DA DIV. MOBILIARIA;19610733548,00
2012;Interna;Contratual;BACEN;Financeira;144;44;TITULOS DE RESPONSABILID. DO TESOURO NACIONAL;Principal;469071;PRINCIPAL DA DIVIDA POR CONTRATO;92835834425,00
2012;Interna;Contratual;BACEN;Financeira;159;59;REC.OPER.OF.CRED.-RET.REF.DIV.MED. E L.PRAZOS;Principal;469071;PRINCIPAL DA DIVIDA POR CONTRATO;103329991,00
2012;Interna;Contratual;BACEN;Financeira;173;73;REC.DAS OPER.OF.DE CREDITO-RET.DE OC.EST.MUN.;Principal;469071;PRINCIPAL DA DIVIDA POR CONTRATO;2713861426,00
2012;Interna;Mobiliária;MERCADO;Financeira;100;0;RECURSOS ORDINARIOS;Principal;469072;PRINCIPAL DA DIVIDA MOBILIARIA RESGATADA;18077951,00
2012;Interna;Mobiliária;BACEN;Financeira;152;52;RESULTADO DO BACEN;Principal;469072;PRINCIPAL DA DIVIDA MOBILIARIA RESGATADA;51044542132,00
2012;Interna;Mobiliária;MERCADO;Financeira;188;88;REMUNERACAO DAS DISPONIB. DO TESOURO NACIONAL;Principal;469072;PRINCIPAL DA DIVIDA MOBILIARIA RESGATADA;986532762,60
2012;Interna;Mobiliária;MERCADO;Financeira;100;0;RECURSOS ORDINARIOS;Principal;469074;COR.MONET.E CAMBIAL DA DIV.MOBIL.RESGATADA;40000000,00
2012;Interna;Mobiliária;BACEN;Financeira;152;52;RESULTADO DO BACEN;Principal;469074;COR.MONET.E CAMBIAL DA DIV.MOBIL.RESGATADA;10000457868,00
2012;Interna;Mobiliária;MERCADO;Financeira;188;88;REMUNERACAO DAS DISPONIB. DO TESOURO NACIONAL;Principal;469074;COR.MONET.E CAMBIAL DA DIV.MOBIL.RESGATADA;1631518232,00
2012;Interna;Mobiliária;BACEN;Financeira;143;43;REFINANCIAMENTO DA DIV. PUBL. MOBIL. FEDERAL;Principal;469076;PRINCIPAL DA DIVIDA MOBILIARIA REFINANCIADA;56319214739,00
2012;Interna;Contratual;BACEN;Financeira;143;43;REFINANCIAMENTO DA DIV. PUBL. MOBIL. FEDERAL;Principal;469077;PRINCIPAL CORRIGIDO DIVIDA CONTR.REFINANCIADO;11017251,57
2013;Externa;Contratual;MERCADO;Financeira;100;0;RECURSOS ORDINARIOS;Juros e Encargos;329021;JUROS SOBRE A DIVIDA POR CONTRATO;20536,16
2013;Externa;Contratual;MERCADO;Financeira;144;44;TITULOS DE RESPONSABILID. DO TESOURO NACIONAL;Juros e Encargos;329021;JUROS SOBRE A DIVIDA POR CONTRATO;290269746,40
2013;Externa;Contratual;MERCADO;Primaria;250;50;RECURSOS NAO-FINANCEIROS DIRETAM. ARRECADADOS;Juros e Encargos;329021;JUROS SOBRE A DIVIDA POR CONTRATO;8432,57
2013;Externa;Contratual;MERCADO;Financeira;344;44;TITULOS DE RESPONSABILID. DO TESOURO NACIONAL;Juros e Encargos;329021;JUROS SOBRE A DIVIDA POR CONTRATO;269392209,40
2013;Externa;Contratual;MERCADO;Financeira;100;0;RECURSOS ORDINARIOS;Juros e Encargos;329022;OUTROS ENCARGOS SOBRE A DIVIDA POR CONTRATO;75640,24
2013;Externa;Contratual;MERCADO;Financeira;144;44;TITULOS DE RESPONSABILID. DO TESOURO NACIONAL;Juros e Encargos;329022;OUTROS ENCARGOS SOBRE A DIVIDA POR CONTRATO;332706974,70
2013;Externa;Contratual;MERCADO;Financeira;344;44;TITULOS DE RESPONSABILID. DO TESOURO NACIONAL;Juros e Encargos;329022;OUTROS ENCARGOS SOBRE A DIVIDA POR CONTRATO;72193907,21
2013;Externa;Mobiliária;MERCADO;Financeira;144;44;TITULOS DE RESPONSABILID. DO TESOURO NACIONAL;Juros e Encargos;329023;JUROS,DESAGIOS E DESCONTOS DA DIV. MOBILIARIA;9250612194,00
2013;Externa;Mobiliária;MERCADO;Financeira;144;44;TITULOS DE RESPONSABILID. DO TESOURO NACIONAL;Juros e Encargos;329024;OUTROS ENCARGOS SOBRE A DIVIDA MOBILIARIA;21546900,25
2013;Externa;Contratual;MERCADO;Financeira;100;0;RECURSOS ORDINARIOS;Principal;469071;PRINCIPAL DA DIVIDA CONTRATUAL RESGATADO;6806,00
2013;Externa;Contratual;MERCADO;Primaria;250;50;RECURSOS NAO-FINANCEIROS DIRETAM. ARRECADADOS;Principal;469071;PRINCIPAL DA DIVIDA CONTRATUAL RESGATADO;57060,34
2013;Externa;Contratual;MERCADO;Primaria;350;50;RECURSOS NAO-FINANCEIROS DIRETAM. ARRECADADOS;Principal;469071;PRINCIPAL DA DIVIDA CONTRATUAL RESGATADO;2606337,83
2013;Externa;Mobiliária;MERCADO;Financeira;171;71;REC.DAS OPER.OF.DE CREDITO-RET.DE OC.-BEA/BIB;Principal;469072;PRINCIPAL DA DIVIDA MOBILIARIA RESGATADO;498129618,00
2013;Externa;Mobiliária;MERCADO;Financeira;348;48;OPERACOES DE CREDITO EXTERNAS - EM MOEDA;Principal;469072;PRINCIPAL DA DIVIDA MOBILIARIA RESGATADO;460023820,00
2013;Externa;Mobiliária;MERCADO;Financeira;371;71;REC.DAS OPER.OF.DE CREDITO-RET.DE OC.-BEA/BIB;Principal;469072;PRINCIPAL DA DIVIDA MOBILIARIA RESGATADO;172366000,00
2013;Externa;Mobiliária;MERCADO;Financeira;143;43;REFINANCIAMENTO DA DIV. PUBL. MOBIL. FEDERAL;Principal;469076;PRINCIPAL CORRIGIDO DA DIV.MOB.REFINANCIADO;8021370475,00
2013;Externa;Contratual;MERCADO;Financeira;143;43;REFINANCIAMENTO DA DIV. PUBL. MOBIL. FEDERAL;Principal;469077;PRINCIPAL CORRIGIDO DIVIDA CONTR.REFINANCIADO;1251792426,00
2013;Externa;Contratual;MERCADO;Financeira;343;43;REFINANCIAMENTO DA DIV. PUBL. MOBIL. FEDERAL;Principal;469077;PRINCIPAL CORRIGIDO DIVIDA CONTR.REFINANCIADO;5519513458,00
2013;Interna;Contratual;MERCADO;Financeira;280;80;RECURSOS FINANCEIROS DIRETAMENTE ARRECADADOS;Juros e Encargos;329021;JUROS SOBRE A DIVIDA POR CONTRATO;388526,75
2013;Interna;Contratual;MERCADO;Financeira;280;80;RECURSOS FINANCEIROS DIRETAMENTE ARRECADADOS;Juros e Encargos;329022;OUTROS ENCARGOS SOBRE A DIVIDA POR CONTRATO;11480,09
2013;Interna;Mobiliária;MERCADO;Financeira;144;44;TITULOS DE RESPONSABILID. DO TESOURO NACIONAL;Juros e Encargos;329023;JUROS,DESAGIOS E DESCONTOS DA DIV. MOBILIARIA;36589351496,00
2013;Interna;Mobiliária;MERCADO;Financeira;152;52;RESULTADO DO BACEN;Juros e Encargos;329023;JUROS,DESAGIOS E DESCONTOS DA DIV. MOBILIARIA;8794211778,00
2013;Interna;Mobiliária;MERCADO;Financeira;159;59;REC.OPER.OF.CRED.-RET.REF.DIV.MED. E L.PRAZOS;Juros e Encargos;329023;JUROS,DESAGIOS E DESCONTOS DA DIV. MOBILIARIA;10000000000,00
2013;Interna;Mobiliária;MERCADO;Financeira;188;88;REMUNERACAO DAS DISPONIB. DO TESOURO NACIONAL;Juros e Encargos;329023;JUROS,DESAGIOS E DESCONTOS DA DIV. MOBILIARIA;14903666537,00
2013;Interna;Mobiliária;MERCADO;Financeira;344;44;TITULOS DE RESPONSABILID. DO TESOURO NACIONAL;Juros e Encargos;329023;JUROS,DESAGIOS E DESCONTOS DA DIV. MOBILIARIA;7383898000,00
2013;Interna;Mobiliária;MERCADO;Financeira;352;52;RESULTADO DO BACEN;Juros e Encargos;329023;JUROS,DESAGIOS E DESCONTOS DA DIV. MOBILIARIA;1800926000,00
2013;Interna;Mobiliária;MERCADO;Financeira;359;59;REC.OPER.OF.CRED.-RET.REF.DIV.MED. E L.PRAZOS;Juros e Encargos;329023;JUROS,DESAGIOS E DESCONTOS DA DIV. MOBILIARIA;2778076000,00
2013;Interna;Mobiliária;MERCADO;Primaria;362;62;REFORMA PATRIMONIAL - ALIENACAO DE BENS;Juros e Encargos;329023;JUROS,DESAGIOS E DESCONTOS DA DIV. MOBILIARIA;16503000,00
2013;Interna;Mobiliária;MERCADO;Primaria;386;86;OUTRAS RECEITAS VINCULADAS;Juros e Encargos;329023;JUROS,DESAGIOS E DESCONTOS DA DIV. MOBILIARIA;2069000,00
2013;Interna;Mobiliária;MERCADO;Primaria;397;97;DIVIDENDOS   UNIAO;Juros e Encargos;329023;JUROS,DESAGIOS E DESCONTOS DA DIV. MOBILIARIA;7600531000,00
2013;Interna;Contratual;MERCADO;Financeira;100;0;RECURSOS ORDINARIOS;Principal;469071;PRINCIPAL DA DIVIDA CONTRATUAL RESGATADO;8620,45
2013;Interna;Contratual;MERCADO;Financeira;280;80;RECURSOS FINANCEIROS DIRETAMENTE ARRECADADOS;Principal;469071;PRINCIPAL DA DIVIDA CONTRATUAL RESGATADO;339322,57
2013;Interna;Mobiliária;MERCADO;Financeira;129;29;RECURSOS DE CONCESSOES E PERMISSOES;Principal;469072;PRINCIPAL DA DIVIDA MOBILIARIA RESGATADO;2400000000,00
2013;Interna;Mobiliária;MERCADO;Financeira;152;52;RESULTADO DO BACEN;Principal;469072;PRINCIPAL DA DIVIDA MOBILIARIA RESGATADO;35567737130,00
2013;Interna;Mobiliária;MERCADO;Financeira;159;59;REC.OPER.OF.CRED.-RET.REF.DIV.MED. E L.PRAZOS;Principal;469072;PRINCIPAL DA DIVIDA MOBILIARIA RESGATADO;13902866195,00
2013;Interna;Mobiliária;MERCADO;Primaria;162;62;REFORMA PATRIMONIAL - ALIENACAO DE BENS;Principal;469072;PRINCIPAL DA DIVIDA MOBILIARIA RESGATADO;18000000,00
2013;Interna;Mobiliária;MERCADO;Financeira;173;73;REC.DAS OPER.OF.DE CREDITO-RET.DE OC.EST.MUN.;Principal;469072;PRINCIPAL DA DIVIDA MOBILIARIA RESGATADO;32346764604,00
2013;Interna;Mobiliária;MERCADO;Financeira;188;88;REMUNERACAO DAS DISPONIB. DO TESOURO NACIONAL;Principal;469072;PRINCIPAL DA DIVIDA MOBILIARIA RESGATADO;11000000000,00
2013;Interna;Mobiliária;MERCADO;Primaria;197;97;DIVIDENDOS   UNIAO;Principal;469072;PRINCIPAL DA DIVIDA MOBILIARIA RESGATADO;15533000000,00
2013;Interna;Mobiliária;MERCADO;Financeira;373;73;REC.DAS OPER.OF.DE CREDITO-RET.DE OC.EST.MUN.;Principal;469072;PRINCIPAL DA DIVIDA MOBILIARIA RESGATADO;1559268955,00
2013;Interna;Mobiliária;MERCADO;Financeira;143;43;REFINANCIAMENTO DA DIV. PUBL. MOBIL. FEDERAL;Principal;469076;PRINCIPAL CORRIGIDO DA DIV.MOB.REFINANCIADO;73903995816,00
2013;Interna;Mobiliária;MERCADO;Financeira;343;43;REFINANCIAMENTO DA DIV. PUBL. MOBIL. FEDERAL;Principal;469076;PRINCIPAL CORRIGIDO DA DIV.MOB.REFINANCIADO;240479000000,00
2013;Interna;Contratual;BACEN;Financeira;159;59;REC.OPER.OF.CRED.-RET.REF.DIV.MED. E L.PRAZOS;Juros e Encargos;329021;JUROS SOBRE A DIVIDA POR CONTRATO;15603672,42
2013;Interna;Contratual;BACEN;Financeira;173;73;REC.DAS OPER.OF.DE CREDITO-RET.DE OC.EST.MUN.;Juros e Encargos;329021;JUROS SOBRE A DIVIDA POR CONTRATO;664884782,70
2013;Interna;Contratual;BACEN;Financeira;344;44;TITULOS DE RESPONSABILID. DO TESOURO NACIONAL;Juros e Encargos;329021;JUROS SOBRE A DIVIDA POR CONTRATO;5478612,91
2013;Interna;Contratual;BACEN;Financeira;388;88;REMUNERACAO DAS DISPONIB. DO TESOURO NACIONAL;Juros e Encargos;329021;JUROS SOBRE A DIVIDA POR CONTRATO;32955,35
2013;Interna;Contratual;BACEN;Financeira;344;44;TITULOS DE RESPONSABILID. DO TESOURO NACIONAL;Juros e Encargos;329022;OUTROS ENCARGOS SOBRE A DIVIDA POR CONTRATO;124408,49
2013;Interna;Contratual;BACEN;Financeira;388;88;REMUNERACAO DAS DISPONIB. DO TESOURO NACIONAL;Juros e Encargos;329022;OUTROS ENCARGOS SOBRE A DIVIDA POR CONTRATO;129619,31
2013;Interna;Mobiliária;BACEN;Financeira;144;44;TITULOS DE RESPONSABILID. DO TESOURO NACIONAL;Juros e Encargos;329023;JUROS,DESAGIOS E DESCONTOS DA DIV. MOBILIARIA;34424900830,00
2013;Interna;Mobiliária;BACEN;Financeira;188;88;REMUNERACAO DAS DISPONIB. DO TESOURO NACIONAL;Juros e Encargos;329023;JUROS,DESAGIOS E DESCONTOS DA DIV. MOBILIARIA;2446676864,00
2013;Interna;Mobiliária;BACEN;Financeira;344;44;TITULOS DE RESPONSABILID. DO TESOURO NACIONAL;Juros e Encargos;329023;JUROS,DESAGIOS E DESCONTOS DA DIV. MOBILIARIA;4000000000,00
2013;Interna;Mobiliária;MERCADO;Financeira;373;73;REC.DAS OPER.OF.DE CREDITO-RET.DE OC.EST.MUN.;Juros e Encargos;329023;JUROS,DESAGIOS E DESCONTOS DA DIV. MOBILIARIA;27134398,74
2013;Interna;Contratual;BACEN;Financeira;159;59;REC.OPER.OF.CRED.-RET.REF.DIV.MED. E L.PRAZOS;Principal;469071;PRINCIPAL DA DIVIDA CONTRATUAL RESGATADO;127781241,00
2013;Interna;Contratual;BACEN;Financeira;173;73;REC.DAS OPER.OF.DE CREDITO-RET.DE OC.EST.MUN.;Principal;469071;PRINCIPAL DA DIVIDA CONTRATUAL RESGATADO;2816602694,00
2013;Interna;Contratual;BACEN;Financeira;388;88;REMUNERACAO DAS DISPONIB. DO TESOURO NACIONAL;Principal;469071;PRINCIPAL DA DIVIDA CONTRATUAL RESGATADO;280027,47
2013;Interna;Mobiliária;MERCADO;Financeira;188;88;REMUNERACAO DAS DISPONIB. DO TESOURO NACIONAL;Principal;469072;PRINCIPAL DA DIVIDA MOBILIARIA RESGATADO;1245153463,00
2013;Interna;Mobiliária;MERCADO;Financeira;373;73;REC.DAS OPER.OF.DE CREDITO-RET.DE OC.EST.MUN.;Principal;469072;PRINCIPAL DA DIVIDA MOBILIARIA RESGATADO;54642224,64
2013;Interna;Mobiliária;BACEN;Financeira;143;43;REFINANCIAMENTO DA DIV. PUBL. MOBIL. FEDERAL;Principal;469076;PRINCIPAL CORRIGIDO DA DIV.MOB.REFINANCIADO;129849000000,00
2013;Interna;Contratual;BACEN;Financeira;343;43;REFINANCIAMENTO DA DIV. PUBL. MOBIL. FEDERAL;Principal;469077;PRINCIPAL CORRIGIDO DIVIDA CONTR.REFINANCIADO;8598916,45
2014;Externa;Contratual;MERCADO;Financeira;144;44;TÍTULOS DE RESPONSABILID.DO TESOURO NACIONAL;Juros e Encargos;32902101;JUROS DA DIVIDA CONTRATUAL;468892495,10
2014;Externa;Contratual;MERCADO;Primaria;329;29;RECURSOS DE CONCESSOES E PERMISSOES;Juros e Encargos;32902101;JUROS DA DIVIDA CONTRATUAL;543995,45
2014;Externa;Contratual;MERCADO;Financeira;371;71;REC.DAS OPER.OF.DE CREDITO-RET.DE OC.-BEA/BIB;Juros e Encargos;32902101;JUROS DA DIVIDA CONTRATUAL;1250297,12
2014;Externa;Contratual;MERCADO;Financeira;144;44;TÍTULOS DE RESPONSABILID.DO TESOURO NACIONAL;Juros e Encargos;32902102;VARIACAO CAMBIAL JUROS DA DIVIDA CONTRATUAL;1042956,37
2014;Externa;Contratual;MERCADO;Financeira;144;44;TÍTULOS DE RESPONSABILID.DO TESOURO NACIONAL;Juros e Encargos;32902201;ENCARGOS DA DIVIDA CONTRATUAL;69345738,02
2014;Externa;Contratual;MERCADO;Financeira;144;44;TÍTULOS DE RESPONSABILID.DO TESOURO NACIONAL;Juros e Encargos;32902202;VARIACAO CAMBIAL ENCARGOS DIVIDA CONTRATUAL;30754,81
2014;Externa;Mobiliária;MERCADO;Financeira;144;44;TÍTULOS DE RESPONSABILID.DO TESOURO NACIONAL;Juros e Encargos;32902301;JUROS DA DIVIDA MOBILIARIA;5784261755,00
2014;Externa;Mobiliária;MERCADO;Financeira;171;71;REC.DAS OPER.OF.DE CREDITO-RET.DE OC.-BEA/BIB;Juros e Encargos;32902301;JUROS DA DIVIDA MOBILIARIA;182505997,00
2014;Externa;Mobiliária;MERCADO;Financeira;144;44;TÍTULOS DE RESPONSABILID.DO TESOURO NACIONAL;Juros e Encargos;32902302;VARIACAO CAMBIAL DOS JUROS DA DIV.MOBILIARIA;1873396,87
2014;Externa;Mobiliária;MERCADO;Financeira;144;44;TÍTULOS DE RESPONSABILID.DO TESOURO NACIONAL;Juros e Encargos;32902304;DESAGIOS DA DIVIDA MOBILIARIA;587046420,50
2014;Externa;Mobiliária;MERCADO;Financeira;144;44;TÍTULOS DE RESPONSABILID.DO TESOURO NACIONAL;Juros e Encargos;32902401;ENCARGOS DA DIVIDA MOBILIARIA;27310930,40
2014;Externa;Mobiliária;MERCADO;Financeira;171;71;REC.DAS OPER.OF.DE CREDITO-RET.DE OC.-BEA/BIB;Juros e Encargos;32902401;ENCARGOS DA DIVIDA MOBILIARIA;7846875,00
2014;Externa;Contratual;MERCADO;Primaria;250;50;RECURSOS NAO-FINANCEIROS DIRETAM. ARRECADADOS;Principal;46907101;AMORTIZACAO DA DIVIDA CONTRATUAL;58000,00
2014;Externa;Contratual;MERCADO;Financeira;371;71;REC.DAS OPER.OF.DE CREDITO-RET.DE OC.-BEA/BIB;Principal;46907101;AMORTIZACAO DA DIVIDA CONTRATUAL;1700000,00
2014;Externa;Mobiliária;MERCADO;Financeira;171;71;REC.DAS OPER.OF.DE CREDITO-RET.DE OC.-BEA/BIB;Principal;46907201;RESGATE DA DIVIDA MOBILIARIA;146946201,00
2014;Externa;Mobiliária;MERCADO;Financeira;371;71;REC.DAS OPER.OF.DE CREDITO-RET.DE OC.-BEA/BIB;Principal;46907201;RESGATE DA DIVIDA MOBILIARIA;38194000,00
2014;Externa;Mobiliária;MERCADO;Financeira;143;43;REFINANCIAMENTO DA DIV.PÚBL.MOBIL.FEDERAL;Principal;46907601;REFINANCIAMENTO PRINCIPAL DIVIDA MOBILIARIA;2845560836,00
2014;Externa;Mobiliária;MERCADO;Financeira;143;43;REFINANCIAMENTO DA DIV.PÚBL.MOBIL.FEDERAL;Principal;46907602;VARIACAO CAMBIAL DIV.MOBILIARIA REFINANCIADA;21645256,60
2014;Externa;Contratual;MERCADO;Financeira;143;43;REFINANCIAMENTO DA DIV.PÚBL.MOBIL.FEDERAL;Principal;46907701;REFINANCIAMENTO DO PRINCIPAL - DIV.CONTRATUAL;1944414303,00
2014;Externa;Contratual;MERCADO;Financeira;143;43;REFINANCIAMENTO DA DIV.PÚBL.MOBIL.FEDERAL;Principal;46907702;VARIACAO CAMBIAL DIV.CONTRATUAL REFINANCIADA;1486237,54
2014;Externa;Contratual;MERCADO;Financeira;143;43;REFINANCIAMENTO DA DIV.PÚBL.MOBIL.FEDERAL;Principal;46907703;ATUALIZ.MONET.DA DIV.CONTRATUAL REFINANCIADA;15072835,42
2014;Interna;Contratual;MERCADO;Financeira;280;80;RECURSOS FINANCEIROS DIRETAMENTE ARRECADADOS;Juros e Encargos;32902101;JUROS DA DIVIDA CONTRATUAL;220080,25
2014;Interna;Contratual;MERCADO;Financeira;280;80;RECURSOS FINANCEIROS DIRETAMENTE ARRECADADOS;Juros e Encargos;32902201;ENCARGOS DA DIVIDA CONTRATUAL;6506,28
2014;Interna;Mobiliária;MERCADO;Financeira;144;44;TÍTULOS DE RESPONSABILID.DO TESOURO NACIONAL;Juros e Encargos;32902301;JUROS DA DIVIDA MOBILIARIA;89468115700,00
2014;Interna;Mobiliária;MERCADO;Financeira;152;52;RESULTADO DO BACEN;Juros e Encargos;32902301;JUROS DA DIVIDA MOBILIARIA;10000000000,00
2014;Interna;Contratual;MERCADO;Financeira;280;80;RECURSOS FINANCEIROS DIRETAMENTE ARRECADADOS;Principal;46907101;AMORTIZACAO DA DIVIDA CONTRATUAL;732984,94
2014;Interna;Mobiliária;MERCADO;Financeira;152;52;RESULTADO DO BACEN;Principal;46907201;RESGATE DA DIVIDA MOBILIARIA;21290000000,00
2014;Interna;Mobiliária;MERCADO;Financeira;159;59;REC.OPER.OF.CRED.-RET.REF.DIV.MED. E L.PRAZOS;Principal;46907201;RESGATE DA DIVIDA MOBILIARIA;11600000000,00
2014;Interna;Mobiliária;MERCADO;Financeira;173;73;REC.DAS OPER.OF.DE CREDITO-RET.DE OC.EST.MUN.;Principal;46907201;RESGATE DA DIVIDA MOBILIARIA;37150000000,00
2014;Interna;Mobiliária;MERCADO;Financeira;188;88;REMUNERACAO DAS DISPONIB. DO TESOURO NACIONAL;Principal;46907201;RESGATE DA DIVIDA MOBILIARIA;22076487783,00
2014;Interna;Mobiliária;MERCADO;Primaria;197;97;DIVIDENDOS ± UNIAO;Principal;46907201;RESGATE DA DIVIDA MOBILIARIA;17290618941,00
2014;Interna;Mobiliária;MERCADO;Primaria;329;29;RECURSOS DE CONCESSOES E PERMISSOES;Principal;46907201;RESGATE DA DIVIDA MOBILIARIA;2000000000,00
2014;Interna;Mobiliária;MERCADO;Financeira;332;32;JUROS DE MORA DA RECEITA ADMINIST.PELA SRF/SF;Principal;46907201;RESGATE DA DIVIDA MOBILIARIA;4286500000,00
2014;Interna;Mobiliária;MERCADO;Financeira;348;48;OPERAÇÕES DE CRÉDITO EXTERNAS-EM MOEDA;Principal;46907201;RESGATE DA DIVIDA MOBILIARIA;1600000000,00
2014;Interna;Mobiliária;MERCADO;Financeira;359;59;REC.OPER.OF.CRED.-RET.REF.DIV.MED. E L.PRAZOS;Principal;46907201;RESGATE DA DIVIDA MOBILIARIA;2224842000,00
2014;Interna;Mobiliária;MERCADO;Primaria;372;72;OUTRAS CONTRIBUICOES ECONOMICAS;Principal;46907201;RESGATE DA DIVIDA MOBILIARIA;4105000000,00
2014;Interna;Mobiliária;MERCADO;Financeira;373;73;REC.DAS OPER.OF.DE CREDITO-RET.DE OC.EST.MUN.;Principal;46907201;RESGATE DA DIVIDA MOBILIARIA;1852000000,00
2014;Interna;Mobiliária;MERCADO;Primaria;387;87;ALIENACAO DE TITULOS E VALORES MOBILIARIOS;Principal;46907201;RESGATE DA DIVIDA MOBILIARIA;552463000,00
2014;Interna;Mobiliária;MERCADO;Primaria;397;97;DIVIDENDOS ± UNIAO;Principal;46907201;RESGATE DA DIVIDA MOBILIARIA;1383990000,00
2014;Interna;Mobiliária;MERCADO;Primaria;197;97;DIVIDENDOS ± UNIAO;Principal;46907203;ATUALIZACAO MONETARIA DA DIV.MOB.RESGATADA;670267950,60
2014;Interna;Mobiliária;MERCADO;Financeira;143;43;REFINANCIAMENTO DA DIV.PÚBL.MOBIL.FEDERAL;Principal;46907601;REFINANCIAMENTO PRINCIPAL DIVIDA MOBILIARIA;149758000000,00
2014;Interna;Mobiliária;MERCADO;Financeira;343;43;REFINANCIAMENTO DA DIV.PÚBL.MOBIL.FEDERAL;Principal;46907601;REFINANCIAMENTO PRINCIPAL DIVIDA MOBILIARIA;150000000000,00
2014;Interna;Mobiliária;MERCADO;Financeira;143;43;REFINANCIAMENTO DA DIV.PÚBL.MOBIL.FEDERAL;Principal;46907603;ATUALIZACAO MONETARIA DIVIDA MOB.REFINANCIADA;71171809362,00
2014;Interna;Contratual;BACEN;Financeira;144;44;TÍTULOS DE RESPONSABILID.DO TESOURO NACIONAL;Juros e Encargos;32902101;JUROS DA DIVIDA CONTRATUAL;3456752312,00
2014;Interna;Contratual;BACEN;Financeira;300;0;RECURSOS ORDINARIOS;Juros e Encargos;32902101;JUROS DA DIVIDA CONTRATUAL;80000,00
2014;Interna;Contratual;BACEN;Financeira;373;73;REC.DAS OPER.OF.DE CREDITO-RET.DE OC.EST.MUN.;Juros e Encargos;32902101;JUROS DA DIVIDA CONTRATUAL;348017117,20
2014;Interna;Contratual;BACEN;Financeira;144;44;TÍTULOS DE RESPONSABILID.DO TESOURO NACIONAL;Juros e Encargos;32902201;ENCARGOS DA DIVIDA CONTRATUAL;329000,00
2014;Interna;Contratual;BACEN;Financeira;300;0;RECURSOS ORDINARIOS;Juros e Encargos;32902201;ENCARGOS DA DIVIDA CONTRATUAL;80000,00
2014;Interna;Mobiliária;BACEN;Financeira;144;44;TÍTULOS DE RESPONSABILID.DO TESOURO NACIONAL;Juros e Encargos;32902301;JUROS DA DIVIDA MOBILIARIA;46625645812,00
2014;Interna;Mobiliária;BACEN;Financeira;152;52;RESULTADO DO BACEN;Juros e Encargos;32902301;JUROS DA DIVIDA MOBILIARIA;4863654659,00
2014;Interna;Mobiliária;BACEN;Financeira;344;44;TÍTULOS DE RESPONSABILID.DO TESOURO NACIONAL;Juros e Encargos;32902301;JUROS DA DIVIDA MOBILIARIA;8455654000,00
2014;Interna;Contratual;BACEN;Financeira;144;44;TÍTULOS DE RESPONSABILID.DO TESOURO NACIONAL;Principal;46907101;AMORTIZACAO DA DIVIDA CONTRATUAL;61124202606,00
2014;Interna;Contratual;BACEN;Financeira;300;0;RECURSOS ORDINARIOS;Principal;46907101;AMORTIZACAO DA DIVIDA CONTRATUAL;34797,86
2014;Interna;Contratual;BACEN;Financeira;373;73;REC.DAS OPER.OF.DE CREDITO-RET.DE OC.EST.MUN.;Principal;46907101;AMORTIZACAO DA DIVIDA CONTRATUAL;1358233504,00
2014;Interna;Mobiliária;BACEN;Financeira;143;43;REFINANCIAMENTO DA DIV.PÚBL.MOBIL.FEDERAL;Principal;46907601;REFINANCIAMENTO PRINCIPAL DIVIDA MOBILIARIA;152471000000,00
2014;Interna;Mobiliária;BACEN;Financeira;343;43;REFINANCIAMENTO DA DIV.PÚBL.MOBIL.FEDERAL;Principal;46907601;REFINANCIAMENTO PRINCIPAL DIVIDA MOBILIARIA;40000000000,00
2014;Interna;Mobiliária;BACEN;Financeira;143;43;REFINANCIAMENTO DA DIV.PÚBL.MOBIL.FEDERAL;Principal;46907603;ATUALIZACAO MONETARIA DIVIDA MOB.REFINANCIADA;28374658903,00
2014;Interna;Mobiliária;BACEN;Financeira;343;43;REFINANCIAMENTO DA DIV.PÚBL.MOBIL.FEDERAL;Principal;46907603;ATUALIZACAO MONETARIA DIVIDA MOB.REFINANCIADA;20211486000,00
2014;Interna;Contratual;BACEN;Financeira;143;43;REFINANCIAMENTO DA DIV.PÚBL.MOBIL.FEDERAL;Principal;46907701;REFINANCIAMENTO DO PRINCIPAL - DIV.CONTRATUAL;3046576,00
2015;Externa;Contratual;MERCADO;Financeira;143;43;REFINANCIAMENTO DA DIV.PUBL.MOBIL.FEDERAL;Principal;46907701;REFINANCIAMENTO DO PRINCIPAL - DIV.CONTRATUAL;2501400037,00
2015;Externa;Contratual;MERCADO;Financeira;143;43;REFINANCIAMENTO DA DIV.PUBL.MOBIL.FEDERAL;Principal;46907702;VARIACAO CAMBIAL DIV.CONTRATUAL REFINANCIADA;3390134,00
2015;Externa;Contratual;MERCADO;Financeira;143;43;REFINANCIAMENTO DA DIV.PUBL.MOBIL.FEDERAL;Principal;46907703;ATUALIZ.MONET.DA DIV.CONTRATUAL REFINANCIADA;17353357,35
2015;Externa;Contratual;MERCADO;Financeira;144;44;TITULOS DE RESPONSABILID.DO TESOURO NACIONAL;Juros e Encargos;32902101;JUROS DA DIVIDA CONTRATUAL;505574223,30
2015;Externa;Contratual;MERCADO;Financeira;144;44;TITULOS DE RESPONSABILID.DO TESOURO NACIONAL;Juros e Encargos;32902102;VARIACAO CAMBIAL JUROS DA DIVIDA CONTRATUAL;1043819,96
2015;Externa;Contratual;MERCADO;Financeira;144;44;TITULOS DE RESPONSABILID.DO TESOURO NACIONAL;Juros e Encargos;32902201;ENCARGOS DA DIVIDA CONTRATUAL;72810578,25
2015;Externa;Contratual;MERCADO;Financeira;144;44;TITULOS DE RESPONSABILID.DO TESOURO NACIONAL;Juros e Encargos;32902202;VARIACAO CAMBIAL ENCARGOS DIVIDA CONTRATUAL;3528,62
2015;Externa;Contratual;MERCADO;Financeira;343;43;REFINANCIAMENTO DA DIV.PUBL.MOBIL.FEDERAL;Principal;46907703;ATUALIZ.MONET.DA DIV.CONTRATUAL REFINANCIADA;1238689,54
2015;Externa;Contratual;MERCADO;Financeira;344;44;TITULOS DE RESPONSABILID.DO TESOURO NACIONAL;Juros e Encargos;32902101;JUROS DA DIVIDA CONTRATUAL;275707,84
2015;Externa;Mobiliária;MERCADO;Financeira;143;43;REFINANCIAMENTO DA DIV.PUBL.MOBIL.FEDERAL;Principal;46907601;REFINANCIAMENTO PRINCIPAL DIVIDA MOBILIARIA;10580525906,00
2015;Externa;Mobiliária;MERCADO;Financeira;144;44;TITULOS DE RESPONSABILID.DO TESOURO NACIONAL;Juros e Encargos;32902301;JUROS DA DIVIDA MOBILIARIA;7517669071,00
2015;Externa;Mobiliária;MERCADO;Financeira;144;44;TITULOS DE RESPONSABILID.DO TESOURO NACIONAL;Juros e Encargos;32902302;VARIACAO CAMBIAL DOS JUROS DA DIV.MOBILIARIA;2341722,94
2015;Externa;Mobiliária;MERCADO;Financeira;144;44;TITULOS DE RESPONSABILID.DO TESOURO NACIONAL;Juros e Encargos;32902304;DESAGIOS DA DIVIDA MOBILIARIA;229414705,90
2015;Interna;Contratual;MERCADO;Financeira;143;43;REFINANCIAMENTO DA DIV.PUBL.MOBIL.FEDERAL;Principal;46907701;REFINANCIAMENTO DO PRINCIPAL - DIV.CONTRATUAL; -   
2015;Interna;Contratual;MERCADO;Financeira;144;44;TITULOS DE RESPONSABILID.DO TESOURO NACIONAL;Juros e Encargos;32902101;JUROS DA DIVIDA CONTRATUAL;5746104,73
2015;Interna;Contratual;MERCADO;Financeira;144;44;TITULOS DE RESPONSABILID.DO TESOURO NACIONAL;Juros e Encargos;32902201;ENCARGOS DA DIVIDA CONTRATUAL;392789,72
2015;Interna;Contratual;MERCADO;Financeira;280;80;RECURSOS FINANCEIROS DIRETAMENTE ARRECADADOS;Principal;46907101;AMORTIZACAO DA DIVIDA CONTRATUAL;4020116,03
2015;Interna;Contratual;MERCADO;Financeira;280;80;RECURSOS FINANCEIROS DIRETAMENTE ARRECADADOS;Juros e Encargos;32902101;JUROS DA DIVIDA CONTRATUAL;334455,47
2015;Interna;Contratual;MERCADO;Financeira;280;80;RECURSOS FINANCEIROS DIRETAMENTE ARRECADADOS;Juros e Encargos;32902201;ENCARGOS DA DIVIDA CONTRATUAL;9981,24
2015;Interna;Contratual;MERCADO;Financeira;344;44;TITULOS DE RESPONSABILID.DO TESOURO NACIONAL;Juros e Encargos;32902101;JUROS DA DIVIDA CONTRATUAL;1178170,97
2015;Interna;Contratual;MERCADO;Financeira;373;73;REC.DAS OPER.OF.DE CREDITO-RET.DE OC.EST.MUN.;Principal;46907101;AMORTIZACAO DA DIVIDA CONTRATUAL;1065034366,00
2015;Interna;Contratual;MERCADO;Financeira;373;73;REC.DAS OPER.OF.DE CREDITO-RET.DE OC.EST.MUN.;Juros e Encargos;32902101;JUROS DA DIVIDA CONTRATUAL;294882127,90
2015;Interna;Mobiliária;BACEN;Financeira;143;43;REFINANCIAMENTO DA DIV.PUBL.MOBIL.FEDERAL;Principal;46907601;REFINANCIAMENTO PRINCIPAL DIVIDA MOBILIARIA;120193000000,00
2015;Interna;Mobiliária;BACEN;Financeira;143;43;REFINANCIAMENTO DA DIV.PUBL.MOBIL.FEDERAL;Principal;46907603;ATUALIZACAO MONETARIA DIVIDA MOB.REFINANCIADA;32241854669,00
2015;Interna;Mobiliária;BACEN;Financeira;144;44;TITULOS DE RESPONSABILID.DO TESOURO NACIONAL;Juros e Encargos;32902301;JUROS DA DIVIDA MOBILIARIA;54780253154,00
2015;Interna;Mobiliária;BACEN;Financeira;152;52;RESULTADO DO BACEN;Principal;46907201;RESGATE DA DIVIDA MOBILIARIA;25000000000,00
2015;Interna;Mobiliária;BACEN;Financeira;152;52;RESULTADO DO BACEN;Principal;46907203;ATUALIZACAO MONETARIA DA DIV.MOB.RESGATADA;5000000000,00
2015;Interna;Mobiliária;BACEN;Financeira;152;52;RESULTADO DO BACEN;Juros e Encargos;32902301;JUROS DA DIVIDA MOBILIARIA;10000000000,00
2015;Interna;Mobiliária;MERCADO;Financeira;143;43;REFINANCIAMENTO DA DIV.PUBL.MOBIL.FEDERAL;Principal;46907601;REFINANCIAMENTO PRINCIPAL DIVIDA MOBILIARIA;203067000000,00
2015;Interna;Mobiliária;MERCADO;Financeira;143;43;REFINANCIAMENTO DA DIV.PUBL.MOBIL.FEDERAL;Principal;46907603;ATUALIZACAO MONETARIA DIVIDA MOB.REFINANCIADA;66851527343,00
2015;Interna;Mobiliária;MERCADO;Financeira;143;43;REFINANCIAMENTO DA DIV.PUBL.MOBIL.FEDERAL;Principal;46917601;REFINANCIAMENTO PRINCIPAL DIVIDA MOBILIARIA;208676067,10
2015;Interna;Mobiliária;MERCADO;Financeira;143;43;REFINANCIAMENTO DA DIV.PUBL.MOBIL.FEDERAL;Principal;46917603;ATUALIZACAO MONETARIA DIVIDA MOB.REFINANCIADA;57759611,55
2015;Interna;Mobiliária;MERCADO;Financeira;144;44;TITULOS DE RESPONSABILID.DO TESOURO NACIONAL;Juros e Encargos;32902301;JUROS DA DIVIDA MOBILIARIA;134248000000,00
2015;Interna;Mobiliária;MERCADO;Financeira;152;52;RESULTADO DO BACEN;Principal;46907201;RESGATE DA DIVIDA MOBILIARIA;76920729891,00
2015;Interna;Mobiliária;MERCADO;Financeira;152;52;RESULTADO DO BACEN;Principal;46907203;ATUALIZACAO MONETARIA DA DIV.MOB.RESGATADA;6340206798,00
2015;Interna;Mobiliária;MERCADO;Financeira;159;59;REC.OPER.OF.CRED.-RET.REF.DIV.MED. E L.PRAZOS;Principal;46907201;RESGATE DA DIVIDA MOBILIARIA;21500000000,00
2015;Interna;Mobiliária;MERCADO;Financeira;173;73;REC.DAS OPER.OF.DE CREDITO-RET.DE OC.EST.MUN.;Principal;46907201;RESGATE DA DIVIDA MOBILIARIA;38418768175,00
2015;Interna;Mobiliária;MERCADO;Financeira;188;88;REMUNERACAO DAS DISPONIB. DO TESOURO NACIONAL;Principal;46907201;RESGATE DA DIVIDA MOBILIARIA; -   
2015;Interna;Mobiliária;MERCADO;Financeira;197;97;DIVIDENDOS ± UNIAO;Principal;46907201;RESGATE DA DIVIDA MOBILIARIA;5900000000,00
2015;Interna;Mobiliária;MERCADO;Financeira;329;29;RECURSOS DE CONCESSOES E PERMISSOES;Principal;46907201;RESGATE DA DIVIDA MOBILIARIA;600238000,00
2015;Interna;Mobiliária;MERCADO;Financeira;343;43;REFINANCIAMENTO DA DIV.PUBL.MOBIL.FEDERAL;Principal;46907601;REFINANCIAMENTO PRINCIPAL DIVIDA MOBILIARIA;129439000000,00
2015;Interna;Mobiliária;MERCADO;Financeira;343;43;REFINANCIAMENTO DA DIV.PUBL.MOBIL.FEDERAL;Principal;46907603;ATUALIZACAO MONETARIA DIVIDA MOB.REFINANCIADA;6734569592,00
2015;Interna;Mobiliária;MERCADO;Financeira;344;44;TITULOS DE RESPONSABILID.DO TESOURO NACIONAL;Juros e Encargos;32902301;JUROS DA DIVIDA MOBILIARIA;700000000,00
2015;Interna;Mobiliária;MERCADO;Financeira;359;59;REC.OPER.OF.CRED.-RET.REF.DIV.MED. E L.PRAZOS;Principal;46907201;RESGATE DA DIVIDA MOBILIARIA;166097000,00
2015;Interna;Mobiliária;MERCADO;Financeira;371;71;REC.DAS OPER.OF.DE CREDITO-RET.DE OC.-BEA/BIB;Principal;46907201;RESGATE DA DIVIDA MOBILIARIA;92137000,00
2015;Interna;Mobiliária;MERCADO;Financeira;397;97;DIVIDENDOS ± UNIAO;Principal;46907201;RESGATE DA DIVIDA MOBILIARIA;944644000,00
2016;Interna;Mobiliária;BACEN;Financeira;143;43;REFINANCIAMENTO DA DIV.PUBL.MOBIL.FEDERAL;Principal;46907601;REFINANCIAMENTO PRINCIPAL DIVIDA MOBILIARIA;136946000000,00
2016;Interna;Mobiliária;BACEN;Financeira;143;43;REFINANCIAMENTO DA DIV.PUBL.MOBIL.FEDERAL;Principal;46907603;ATUALIZACAO MONETARIA DIVIDA MOB.REFINANCIADA;43146051474,00
2016;Interna;Mobiliária;BACEN;Financeira;144;44;TITULOS DE RESPONSABILID.DO TESOURO NACIONAL;Juros e Encargos;32902301;JUROS DA DIVIDA MOBILIARIA;25866591112,00
2016;Interna;Mobiliária;BACEN;Financeira;152;52;RESULTADO DO BACEN;Principal;46907201;RESGATE DA DIVIDA MOBILIARIA;45024705948,00
2016;Interna;Mobiliária;BACEN;Financeira;152;52;RESULTADO DO BACEN;Principal;46907203;ATUALIZACAO MONETARIA DA DIV.MOB.RESGATADA;4975294052,00
2016;Interna;Mobiliária;BACEN;Financeira;152;52;RESULTADO DO BACEN;Juros e Encargos;32902301;JUROS DA DIVIDA MOBILIARIA;39091289588,00
2016;Interna;Mobiliária;BACEN;Financeira;352;52;RESULTADO DO BACEN;Juros e Encargos;32902301;JUROS DA DIVIDA MOBILIARIA;1816280420,00
2016;Interna;Mobiliária;MERCADO;Financeira;143;43;REFINANCIAMENTO DA DIV.PUBL.MOBIL.FEDERAL;Principal;46907601;REFINANCIAMENTO PRINCIPAL DIVIDA MOBILIARIA;330193000000,00
2016;Interna;Mobiliária;MERCADO;Financeira;143;43;REFINANCIAMENTO DA DIV.PUBL.MOBIL.FEDERAL;Principal;46907603;ATUALIZACAO MONETARIA DIVIDA MOB.REFINANCIADA;97664663483,00
2016;Interna;Mobiliária;MERCADO;Financeira;144;44;TITULOS DE RESPONSABILID.DO TESOURO NACIONAL;Juros e Encargos;32902301;JUROS DA DIVIDA MOBILIARIA;103774000000,00
2016;Interna;Mobiliária;MERCADO;Financeira;152;52;RESULTADO DO BACEN;Principal;46907201;RESGATE DA DIVIDA MOBILIARIA;40000000000,00
2016;Interna;Mobiliária;MERCADO;Financeira;152;52;RESULTADO DO BACEN;Juros e Encargos;32902301;JUROS DA DIVIDA MOBILIARIA;12500000000,00
2016;Interna;Mobiliária;MERCADO;Financeira;159;59;REC.OPER.OF.CRED.-RET.REF.DIV.MED. E L.PRAZOS;Principal;46907201;RESGATE DA DIVIDA MOBILIARIA;27633625334,00
2016;Interna;Mobiliária;MERCADO;Financeira;173;73;REC.DAS OPER.OF.DE CREDITO-RET.DE OC.EST.MUN.;Principal;46907201;RESGATE DA DIVIDA MOBILIARIA;16200000000,00
2016;Interna;Mobiliária;MERCADO;Financeira;197;97;DIVIDENDOS - UNIAO;Principal;46907201;RESGATE DA DIVIDA MOBILIARIA;4221201679,00
2016;Interna;Mobiliária;MERCADO;Financeira;343;43;REFINANCIAMENTO DA DIV.PUBL.MOBIL.FEDERAL;Principal;46907601;REFINANCIAMENTO PRINCIPAL DIVIDA MOBILIARIA;38000000000,00
2016;Interna;Mobiliária;MERCADO;Financeira;352;52;RESULTADO DO BACEN;Principal;46907201;RESGATE DA DIVIDA MOBILIARIA;21359533598,00
2016;Interna;Mobiliária;MERCADO;Financeira;352;52;RESULTADO DO BACEN;Principal;46907203;ATUALIZACAO MONETARIA DA DIV.MOB.RESGATADA;5397756340,00
2016;Interna;Mobiliária;MERCADO;Financeira;352;52;RESULTADO DO BACEN;Juros e Encargos;32902301;JUROS DA DIVIDA MOBILIARIA;4600000000,00
2016;Interna;Mobiliária;MERCADO;Financeira;359;59;REC.OPER.OF.CRED.-RET.REF.DIV.MED. E L.PRAZOS;Principal;46907201;RESGATE DA DIVIDA MOBILIARIA;10392285000,00
2016;Interna;Mobiliária;MERCADO;Financeira;371;71;REC.DAS OPER.OF.DE CREDITO-RET.DE OC.-BEA/BIB;Principal;46907201;RESGATE DA DIVIDA MOBILIARIA;2456579000,00
2016;Interna;Mobiliária;MERCADO;Financeira;373;73;REC.DAS OPER.OF.DE CREDITO-RET.DE OC.EST.MUN.;Principal;46907201;RESGATE DA DIVIDA MOBILIARIA;974113000,00
2016;Interna;Mobiliária;MERCADO;Financeira;397;97;DIVIDENDOS - UNIAO;Principal;46907201;RESGATE DA DIVIDA MOBILIARIA;3600000000,00
2016;Interna;Contratual;BACEN;Financeira;144;44;TITULOS DE RESPONSABILID.DO TESOURO NACIONAL;Principal;46907101;AMORTIZACAO DA DIVIDA CONTRATUAL;88300000000,00
2016;Interna;Contratual;BACEN;Financeira;144;44;TITULOS DE RESPONSABILID.DO TESOURO NACIONAL;Juros e Encargos;32902101;JUROS DA DIVIDA CONTRATUAL;6699999951,00
2016;Interna;Contratual;MERCADO;Financeira;143;43;REFINANCIAMENTO DA DIV.PUBL.MOBIL.FEDERAL;Principal;46907701;REFINANCIAMENTO DO PRINCIPAL - DIV.CONTRATUAL;508957407,20
2016;Interna;Contratual;MERCADO;Financeira;144;44;TITULOS DE RESPONSABILID.DO TESOURO NACIONAL;Juros e Encargos;32902101;JUROS DA DIVIDA CONTRATUAL;1318304430,00
2016;Interna;Contratual;MERCADO;Financeira;144;44;TITULOS DE RESPONSABILID.DO TESOURO NACIONAL;Juros e Encargos;32902201;ENCARGOS DA DIVIDA CONTRATUAL;380528,64
2016;Interna;Contratual;MERCADO;Financeira;173;73;REC.DAS OPER.OF.DE CREDITO-RET.DE OC.EST.MUN.;Principal;46907101;AMORTIZACAO DA DIVIDA CONTRATUAL;822601189,70
2016;Interna;Contratual;MERCADO;Financeira;173;73;REC.DAS OPER.OF.DE CREDITO-RET.DE OC.EST.MUN.;Juros e Encargos;32902101;JUROS DA DIVIDA CONTRATUAL;240833813,00
2016;Interna;Contratual;MERCADO;Financeira;280;80;RECURSOS FINANCEIROS DIRETAMENTE ARRECADADOS;Principal;46907101;AMORTIZACAO DA DIVIDA CONTRATUAL;2337000,00
2016;Interna;Contratual;MERCADO;Financeira;280;80;RECURSOS FINANCEIROS DIRETAMENTE ARRECADADOS;Juros e Encargos;32902101;JUROS DA DIVIDA CONTRATUAL;109634,53
2016;Interna;Contratual;MERCADO;Financeira;280;80;RECURSOS FINANCEIROS DIRETAMENTE ARRECADADOS;Juros e Encargos;32902201;ENCARGOS DA DIVIDA CONTRATUAL;2464,39
2016;Externa;Mobiliária;MERCADO;Financeira;143;43;REFINANCIAMENTO DA DIV.PUBL.MOBIL.FEDERAL;Principal;46907601;REFINANCIAMENTO PRINCIPAL DIVIDA MOBILIARIA;4622122203,00
2016;Externa;Mobiliária;MERCADO;Financeira;144;44;TITULOS DE RESPONSABILID.DO TESOURO NACIONAL;Juros e Encargos;32902301;JUROS DA DIVIDA MOBILIARIA;7718607823,00
2016;Externa;Mobiliária;MERCADO;Financeira;144;44;TITULOS DE RESPONSABILID.DO TESOURO NACIONAL;Juros e Encargos;32902302;VARIACAO CAMBIAL DOS JUROS DA DIV.MOBILIARIA;110573712,20
2016;Externa;Mobiliária;MERCADO;Financeira;144;44;TITULOS DE RESPONSABILID.DO TESOURO NACIONAL;Juros e Encargos;32902304;DESAGIOS DA DIVIDA MOBILIARIA;336316527,70
2016;Externa;Mobiliária;MERCADO;Financeira;144;44;TITULOS DE RESPONSABILID.DO TESOURO NACIONAL;Juros e Encargos;32902401;ENCARGOS DA DIVIDA MOBILIARIA;26755783,25
2016;Externa;Contratual;MERCADO;Financeira;143;43;REFINANCIAMENTO DA DIV.PUBL.MOBIL.FEDERAL;Principal;46907701;REFINANCIAMENTO DO PRINCIPAL - DIV.CONTRATUAL;2767898383,00
2016;Externa;Contratual;MERCADO;Financeira;143;43;REFINANCIAMENTO DA DIV.PUBL.MOBIL.FEDERAL;Principal;46907702;VARIACAO CAMBIAL DIV.CONTRATUAL REFINANCIADA;50716387,17
2016;Externa;Contratual;MERCADO;Financeira;144;44;TITULOS DE RESPONSABILID.DO TESOURO NACIONAL;Juros e Encargos;32902101;JUROS DA DIVIDA CONTRATUAL;701943988,00
2016;Externa;Contratual;MERCADO;Financeira;144;44;TITULOS DE RESPONSABILID.DO TESOURO NACIONAL;Juros e Encargos;32902102;VARIACAO CAMBIAL JUROS DA DIVIDA CONTRATUAL;9654340,39
2016;Externa;Contratual;MERCADO;Financeira;144;44;TITULOS DE RESPONSABILID.DO TESOURO NACIONAL;Juros e Encargos;32902201;ENCARGOS DA DIVIDA CONTRATUAL;78732435,06
2016;Externa;Contratual;MERCADO;Financeira;144;44;TITULOS DE RESPONSABILID.DO TESOURO NACIONAL;Juros e Encargos;32902202;VARIACAO CAMBIAL ENCARGOS DIVIDA CONTRATUAL;20270,18
2017;Interna;Mobiliária;BACEN;Financeira;143;43;REFINANCIAMENTO DA DIV.PUBL.MOBIL.FEDERAL;Principal;46907601;REFINANCIAMENTO PRINCIPAL DIVIDA MOBILIARIA;95437994854,00
2017;Interna;Mobiliária;BACEN;Financeira;143;43;REFINANCIAMENTO DA DIV.PUBL.MOBIL.FEDERAL;Principal;46907603;ATUALIZACAO MONETARIA DIVIDA MOB.REFINANCIADA;43652442768,00
2017;Interna;Mobiliária;BACEN;Financeira;144;44;TITULOS DE RESPONSABILID.DO TESOURO NACIONAL;Juros e Encargos;32902301;JUROS DA DIVIDA MOBILIARIA;35597071297,00
2017;Interna;Mobiliária;BACEN;Financeira;152;52;RESULTADO DO BACEN;Principal;46907201;RESGATE DA DIVIDA MOBILIARIA;14216990656,00
2017;Interna;Mobiliária;BACEN;Financeira;152;52;RESULTADO DO BACEN;Juros e Encargos;32902301;JUROS DA DIVIDA MOBILIARIA;5209778939,00
2017;Interna;Mobiliária;BACEN;Financeira;352;52;RESULTADO DO BACEN;Principal;46907201;RESGATE DA DIVIDA MOBILIARIA;20000000000,00
2017;Interna;Mobiliária;BACEN;Financeira;352;52;RESULTADO DO BACEN;Juros e Encargos;32902301;JUROS DA DIVIDA MOBILIARIA;14797276000,00
2017;Interna;Mobiliária;MERCADO;Financeira;143;43;REFINANCIAMENTO DA DIV.PUBL.MOBIL.FEDERAL;Principal;46907601;REFINANCIAMENTO PRINCIPAL DIVIDA MOBILIARIA;175247000000,00
2017;Interna;Mobiliária;MERCADO;Financeira;143;43;REFINANCIAMENTO DA DIV.PUBL.MOBIL.FEDERAL;Principal;46907603;ATUALIZACAO MONETARIA DIVIDA MOB.REFINANCIADA;53981450921,00
2017;Interna;Mobiliária;MERCADO;Financeira;144;44;TITULOS DE RESPONSABILID.DO TESOURO NACIONAL;Juros e Encargos;32902301;JUROS DA DIVIDA MOBILIARIA;62972858796,00
2017;Interna;Mobiliária;MERCADO;Financeira;159;59;REC.OPER.OF.CRED.-RET.REF.DIV.MED. E L.PRAZOS;Principal;46907201;RESGATE DA DIVIDA MOBILIARIA;40200000000,00
2017;Interna;Mobiliária;MERCADO;Financeira;159;59;REC.OPER.OF.CRED.-RET.REF.DIV.MED. E L.PRAZOS;Juros e Encargos;32902301;JUROS DA DIVIDA MOBILIARIA;10362342459,00
2017;Interna;Mobiliária;MERCADO;Financeira;171;71;REC.DAS OPER.OF.DE CREDITO-RET.DE OC.-BEA/BIB;Principal;46907201;RESGATE DA DIVIDA MOBILIARIA;300000000,00
2017;Interna;Mobiliária;MERCADO;Financeira;173;73;REC.DAS OPER.OF.DE CREDITO-RET.DE OC.EST.MUN.;Principal;46907201;RESGATE DA DIVIDA MOBILIARIA;7700000000,00
2017;Interna;Mobiliária;MERCADO;Financeira;197;97;DIVIDENDOS - UNIAO;Principal;46907201;RESGATE DA DIVIDA MOBILIARIA;4700189072,00
2017;Interna;Mobiliária;MERCADO;Financeira;197;97;DIVIDENDOS - UNIAO;Principal;46907203;ATUALIZACAO MONETARIA DA DIV.MOB.RESGATADA;38926,07
2017;Interna;Mobiliária;MERCADO;Financeira;343;43;REFINANCIAMENTO DA DIV.PUBL.MOBIL.FEDERAL;Principal;46907601;REFINANCIAMENTO PRINCIPAL DIVIDA MOBILIARIA;51639696845,00
2017;Interna;Mobiliária;MERCADO;Financeira;343;43;REFINANCIAMENTO DA DIV.PUBL.MOBIL.FEDERAL;Principal;46907603;ATUALIZACAO MONETARIA DIVIDA MOB.REFINANCIADA;20675666085,00
2017;Interna;Mobiliária;MERCADO;Financeira;344;44;TITULOS DE RESPONSABILID.DO TESOURO NACIONAL;Juros e Encargos;32902301;JUROS DA DIVIDA MOBILIARIA;57559000000,00
2017;Interna;Mobiliária;MERCADO;Financeira;359;59;REC.OPER.OF.CRED.-RET.REF.DIV.MED. E L.PRAZOS;Principal;46907201;RESGATE DA DIVIDA MOBILIARIA;83250004921,00
2017;Interna;Mobiliária;MERCADO;Financeira;359;59;REC.OPER.OF.CRED.-RET.REF.DIV.MED. E L.PRAZOS;Principal;46907203;ATUALIZACAO MONETARIA DA DIV.MOB.RESGATADA;20243048079,00
2017;Interna;Mobiliária;MERCADO;Financeira;371;71;REC.DAS OPER.OF.DE CREDITO-RET.DE OC.-BEA/BIB;Principal;46907201;RESGATE DA DIVIDA MOBILIARIA;828239000,00
2017;Interna;Mobiliária;MERCADO;Financeira;373;73;REC.DAS OPER.OF.DE CREDITO-RET.DE OC.EST.MUN.;Principal;46907201;RESGATE DA DIVIDA MOBILIARIA;3024709000,00
2017;Interna;Mobiliária;MERCADO;Financeira;397;97;DIVIDENDOS - UNIAO;Principal;46907201;RESGATE DA DIVIDA MOBILIARIA;1158983000,00
2017;Interna;Contratual;BACEN;Financeira;144;44;TITULOS DE RESPONSABILID.DO TESOURO NACIONAL;Principal;46907101;AMORTIZACAO DA DIVIDA CONTRATUAL; -   
2017;Interna;Contratual;BACEN;Financeira;144;44;TITULOS DE RESPONSABILID.DO TESOURO NACIONAL;Juros e Encargos;32902101;JUROS DA DIVIDA CONTRATUAL; -   
2017;Interna;Contratual;MERCADO;Financeira;143;43;REFINANCIAMENTO DA DIV.PUBL.MOBIL.FEDERAL;Principal;46907701;REFINANCIAMENTO DO PRINCIPAL - DIV.CONTRATUAL;6026931949,00
2017;Interna;Contratual;MERCADO;Financeira;144;44;TITULOS DE RESPONSABILID.DO TESOURO NACIONAL;Juros e Encargos;32902101;JUROS DA DIVIDA CONTRATUAL;1544473129,00
2017;Interna;Contratual;MERCADO;Financeira;144;44;TITULOS DE RESPONSABILID.DO TESOURO NACIONAL;Juros e Encargos;32902201;ENCARGOS DA DIVIDA CONTRATUAL;354841,90
2017;Interna;Contratual;MERCADO;Financeira;173;73;REC.DAS OPER.OF.DE CREDITO-RET.DE OC.EST.MUN.;Principal;46907101;AMORTIZACAO DA DIVIDA CONTRATUAL;6733287642,00
2017;Interna;Contratual;MERCADO;Financeira;173;73;REC.DAS OPER.OF.DE CREDITO-RET.DE OC.EST.MUN.;Juros e Encargos;32902101;JUROS DA DIVIDA CONTRATUAL;167057239,90
2017;Interna;Contratual;MERCADO;Financeira;280;80;RECURSOS FINANCEIROS DIRETAMENTE ARRECADADOS;Principal;46907101;AMORTIZACAO DA DIVIDA CONTRATUAL;6627505,86
2017;Interna;Contratual;MERCADO;Financeira;280;80;RECURSOS FINANCEIROS DIRETAMENTE ARRECADADOS;Juros e Encargos;32902101;JUROS DA DIVIDA CONTRATUAL;1505266,62
2017;Interna;Contratual;MERCADO;Financeira;280;80;RECURSOS FINANCEIROS DIRETAMENTE ARRECADADOS;Juros e Encargos;32902201;ENCARGOS DA DIVIDA CONTRATUAL;5092,16
2017;Interna;Política Monetária;BACEN;Financeira;144;44;TITULOS DE RESPONSABILID.DO TESOURO NACIONAL;Principal;46902601;COBERTURA DO RESULTADO NEGATIVO DO BANCO CENTRAL DO BRASIL (LRF, ART. 7º, ?1º);113651000000,00
2017;Interna;Política Monetária;BACEN;Financeira;144;44;TITULOS DE RESPONSABILID.DO TESOURO NACIONAL;Juros e Encargos;32902601;COBERTURA DO RESULTADO NEGATIVO DO BANCO CENTRAL DO BRASIL (LRF, ART. 7º, ?1º);5460769491,00
2017;Externa;Mobiliária;MERCADO;Financeira;143;43;REFINANCIAMENTO DA DIV.PUBL.MOBIL.FEDERAL;Principal;46907601;REFINANCIAMENTO PRINCIPAL DIVIDA MOBILIARIA;16627101207,00
2017;Externa;Mobiliária;MERCADO;Financeira;143;43;REFINANCIAMENTO DA DIV.PUBL.MOBIL.FEDERAL;Principal;46907602;VARIACAO CAMBIAL DIV.MOBILIARIA REFINANCIADA;1153954962,00
2017;Externa;Mobiliária;MERCADO;Financeira;144;44;TITULOS DE RESPONSABILID.DO TESOURO NACIONAL;Juros e Encargos;32902301;JUROS DA DIVIDA MOBILIARIA;7192740452,00
2017;Externa;Mobiliária;MERCADO;Financeira;144;44;TITULOS DE RESPONSABILID.DO TESOURO NACIONAL;Juros e Encargos;32902302;VARIACAO CAMBIAL DOS JUROS DA DIV.MOBILIARIA;580512870,70
2017;Externa;Mobiliária;MERCADO;Financeira;144;44;TITULOS DE RESPONSABILID.DO TESOURO NACIONAL;Juros e Encargos;32902304;DESAGIOS DA DIVIDA MOBILIARIA;771419585,50
2017;Externa;Mobiliária;MERCADO;Financeira;144;44;TITULOS DE RESPONSABILID.DO TESOURO NACIONAL;Juros e Encargos;32902401;ENCARGOS DA DIVIDA MOBILIARIA;35987573,87
2017;Externa;Contratual;MERCADO;Financeira;143;43;REFINANCIAMENTO DA DIV.PUBL.MOBIL.FEDERAL;Principal;46907701;REFINANCIAMENTO DO PRINCIPAL - DIV.CONTRATUAL;2516451819,00
2017;Externa;Contratual;MERCADO;Financeira;143;43;REFINANCIAMENTO DA DIV.PUBL.MOBIL.FEDERAL;Principal;46907702;VARIACAO CAMBIAL DIV.CONTRATUAL REFINANCIADA;30889635,55
2017;Externa;Contratual;MERCADO;Financeira;144;44;TITULOS DE RESPONSABILID.DO TESOURO NACIONAL;Juros e Encargos;32902101;JUROS DA DIVIDA CONTRATUAL;772484449,80
2017;Externa;Contratual;MERCADO;Financeira;144;44;TITULOS DE RESPONSABILID.DO TESOURO NACIONAL;Juros e Encargos;32902102;VARIACAO CAMBIAL JUROS DA DIVIDA CONTRATUAL;2116572,35
2017;Externa;Contratual;MERCADO;Financeira;144;44;TITULOS DE RESPONSABILID.DO TESOURO NACIONAL;Juros e Encargos;32902201;ENCARGOS DA DIVIDA CONTRATUAL;81125998,84
2017;Externa;Contratual;MERCADO;Financeira;144;44;TITULOS DE RESPONSABILID.DO TESOURO NACIONAL;Juros e Encargos;32902202;VARIACAO CAMBIAL ENCARGOS DIVIDA CONTRATUAL;4539,60
2018;Interna;Mobiliária;MERCADO;Financeira;0129;29;RECURSOS DE CONCESSOES E PERMISSOES;Principal;46907201;RESGATE DA DIVIDA MOBILIARIA;13158300000,00
2018;Interna;Mobiliária;MERCADO;Financeira;0143;43;REFINANCIAMENTO DA DIV.PUBL.MOBIL.FEDERAL;Principal;46907601;REFINANCIAMENTO PRINCIPAL DIVIDA MOBILIARIA;66081607265,52
2018;Interna;Mobiliária;MERCADO;Financeira;0143;43;REFINANCIAMENTO DA DIV.PUBL.MOBIL.FEDERAL;Principal;46907603;ATUALIZACAO MONETARIA DIVIDA MOB.REFINANCIADA;17379273372,25
2018;Interna;Mobiliária;MERCADO;Financeira;0144;44;TITULOS DE RESPONSABILID.DO TESOURO NACIONAL;Juros e Encargos;32902301;JUROS DA DIVIDA MOBILIARIA;94111418068,51
2018;Interna;Mobiliária;MERCADO;Financeira;0152;52;RESULTADO DO BACEN;Juros e Encargos;32902301;JUROS DA DIVIDA MOBILIARIA;11401533557,55
2018;Interna;Mobiliária;MERCADO;Financeira;0159;59;REC.OPER.OF.CRED.-RET.REF.DIV.MED. E L.PRAZOS;Principal;46907201;RESGATE DA DIVIDA MOBILIARIA;122007571081,19
2018;Interna;Mobiliária;MERCADO;Financeira;0159;59;REC.OPER.OF.CRED.-RET.REF.DIV.MED. E L.PRAZOS;Principal;46907203;ATUALIZACAO MONETARIA DA DIV.MOB.RESGATADA;18153949614,22
2018;Interna;Mobiliária;MERCADO;Financeira;0162;62;RECURSOS PRIMARIOS P/AMORT.DA DIVIDA PUBLICA;Principal;46907201;RESGATE DA DIVIDA MOBILIARIA;12126397,00
2018;Interna;Mobiliária;MERCADO;Financeira;0171;71;REC.DAS OPER.OF.DE CREDITO-RET.DE OC.-BEA/BIB;Principal;46907201;RESGATE DA DIVIDA MOBILIARIA;363861524,80
2018;Interna;Mobiliária;MERCADO;Financeira;0171;71;REC.DAS OPER.OF.DE CREDITO-RET.DE OC.-BEA/BIB;Principal;46907203;ATUALIZACAO MONETARIA DA DIV.MOB.RESGATADA;20279229,87
2018;Interna;Mobiliária;MERCADO;Financeira;0173;73;REC.DAS OPER.OF.DE CREDITO-RET.DE OC.EST.MUN.;Principal;46907201;RESGATE DA DIVIDA MOBILIARIA;16967977921,74
2018;Interna;Mobiliária;MERCADO;Financeira;0173;73;REC.DAS OPER.OF.DE CREDITO-RET.DE OC.EST.MUN.;Principal;46907203;ATUALIZACAO MONETARIA DA DIV.MOB.RESGATADA;430734586,47
2018;Interna;Mobiliária;MERCADO;Financeira;0197;97;DIVIDENDOS - UNIAO;Principal;46907201;RESGATE DA DIVIDA MOBILIARIA;5755723223,90
2018;Interna;Mobiliária;MERCADO;Financeira;0197;97;DIVIDENDOS - UNIAO;Principal;46907203;ATUALIZACAO MONETARIA DA DIV.MOB.RESGATADA;493927256,80
2018;Interna;Mobiliária;MERCADO;Financeira;0343;43;REFINANCIAMENTO DA DIV.PUBL.MOBIL.FEDERAL;Principal;46907601;REFINANCIAMENTO PRINCIPAL DIVIDA MOBILIARIA;162919212710,05
2018;Interna;Mobiliária;MERCADO;Financeira;0343;43;REFINANCIAMENTO DA DIV.PUBL.MOBIL.FEDERAL;Principal;46907603;ATUALIZACAO MONETARIA DIVIDA MOB.REFINANCIADA;39535605805,24
2018;Interna;Mobiliária;MERCADO;Financeira;0344;44;TITULOS DE RESPONSABILID.DO TESOURO NACIONAL;Juros e Encargos;32902301;JUROS DA DIVIDA MOBILIARIA;67043246084,00
2018;Interna;Mobiliária;MERCADO;Financeira;0359;59;REC.OPER.OF.CRED.-RET.REF.DIV.MED. E L.PRAZOS;Principal;46907201;RESGATE DA DIVIDA MOBILIARIA;9087621598,02
2018;Interna;Mobiliária;MERCADO;Financeira;0359;59;REC.OPER.OF.CRED.-RET.REF.DIV.MED. E L.PRAZOS;Principal;46907203;ATUALIZACAO MONETARIA DA DIV.MOB.RESGATADA;2811726866,98
2018;Interna;Mobiliária;MERCADO;Financeira;0371;71;REC.DAS OPER.OF.DE CREDITO-RET.DE OC.-BEA/BIB;Principal;46907201;RESGATE DA DIVIDA MOBILIARIA;154034889,00
2018;Interna;Mobiliária;MERCADO;Financeira;0373;73;REC.DAS OPER.OF.DE CREDITO-RET.DE OC.EST.MUN.;Principal;46907201;RESGATE DA DIVIDA MOBILIARIA;3955674703,34
2018;Interna;Mobiliária;MERCADO;Financeira;0373;73;REC.DAS OPER.OF.DE CREDITO-RET.DE OC.EST.MUN.;Principal;46907203;ATUALIZACAO MONETARIA DA DIV.MOB.RESGATADA;114139296,66
2018;Interna;Mobiliária;MERCADO;Financeira;0378;78;FUNDO DE FISCALIZACAO DAS TELECOMUNICACOES;Juros e Encargos;32902301;JUROS DA DIVIDA MOBILIARIA;7342758000,00
2018;Interna;Mobiliária;MERCADO;Financeira;0397;97;DIVIDENDOS - UNIAO;Principal;46907201;RESGATE DA DIVIDA MOBILIARIA;798245000,00
2018;Interna;Mobiliária;MERCADO;Financeira;0650;50;RECURSOS NAO-FINANCEIROS DIRETAM. ARRECADADOS;Principal;46907201;RESGATE DA DIVIDA MOBILIARIA;956439428,00
2018;Interna;Mobiliária;MERCADO;Financeira;0680;80;RECURSOS FINANCEIROS DIRETAMENTE ARRECADADOS;Principal;46907201;RESGATE DA DIVIDA MOBILIARIA;8892644926,05
2018;Interna;Mobiliária;MERCADO;Financeira;0680;80;RECURSOS FINANCEIROS DIRETAMENTE ARRECADADOS;Principal;46907203;ATUALIZACAO MONETARIA DA DIV.MOB.RESGATADA;7544469094,95
2018;Interna;Mobiliária;BACEN;Financeira;0143;43;REFINANCIAMENTO DA DIV.PUBL.MOBIL.FEDERAL;Principal;46907601;REFINANCIAMENTO PRINCIPAL DIVIDA MOBILIARIA;48816748339,79
2018;Interna;Mobiliária;BACEN;Financeira;0143;43;REFINANCIAMENTO DA DIV.PUBL.MOBIL.FEDERAL;Principal;46907603;ATUALIZACAO MONETARIA DIVIDA MOB.REFINANCIADA;13366983322,67
2018;Interna;Mobiliária;BACEN;Financeira;0144;44;TITULOS DE RESPONSABILID.DO TESOURO NACIONAL;Juros e Encargos;32902301;JUROS DA DIVIDA MOBILIARIA;74200567007,28
2018;Interna;Mobiliária;BACEN;Financeira;0152;52;RESULTADO DO BACEN;Principal;46907201;RESGATE DA DIVIDA MOBILIARIA;24955812863,20
2018;Interna;Mobiliária;BACEN;Financeira;0152;52;RESULTADO DO BACEN;Juros e Encargos;32902301;JUROS DA DIVIDA MOBILIARIA;6684266020,00
2018;Interna;Mobiliária;BACEN;Financeira;0163;63;REC.PROP.DECOR.ALIEN.BENS E DIR.DO PATR.PUB.;Principal;46907201;RESGATE DA DIVIDA MOBILIARIA;4020975035,44
2018;Interna;Mobiliária;BACEN;Financeira;0180;80;RECURSOS FINANCEIROS DIRETAMENTE ARRECADADOS;Principal;46907201;RESGATE DA DIVIDA MOBILIARIA;851474789,94
2018;Interna;Mobiliária;BACEN;Financeira;0343;43;REFINANCIAMENTO DA DIV.PUBL.MOBIL.FEDERAL;Principal;46907601;REFINANCIAMENTO PRINCIPAL DIVIDA MOBILIARIA;68365084625,35
2018;Interna;Mobiliária;BACEN;Financeira;0343;43;REFINANCIAMENTO DA DIV.PUBL.MOBIL.FEDERAL;Principal;46907603;ATUALIZACAO MONETARIA DIVIDA MOB.REFINANCIADA;26605432830,33
2018;Interna;Mobiliária;BACEN;Financeira;0350;50;RECURSOS NAO-FINANCEIROS DIRETAM. ARRECADADOS;Principal;46907201;RESGATE DA DIVIDA MOBILIARIA;13255000000,00
2018;Interna;Mobiliária;BACEN;Financeira;0380;80;RECURSOS FINANCEIROS DIRETAMENTE ARRECADADOS;Principal;46907201;RESGATE DA DIVIDA MOBILIARIA;9396521339,00
2018;Interna;Contratual;MERCADO;Financeira;0143;43;REFINANCIAMENTO DA DIV.PUBL.MOBIL.FEDERAL;Principal;46907701;REFINANCIAMENTO DO PRINCIPAL - DIV.CONTRATUAL;3592635516,38
2018;Interna;Contratual;MERCADO;Financeira;0144;44;TITULOS DE RESPONSABILID.DO TESOURO NACIONAL;Juros e Encargos;32902101;JUROS DA DIVIDA CONTRATUAL;3390761949,56
2018;Interna;Contratual;MERCADO;Financeira;0173;73;REC.DAS OPER.OF.DE CREDITO-RET.DE OC.EST.MUN.;Principal;46907101;AMORTIZACAO DA DIVIDA CONTRATUAL;522376147,44
2018;Interna;Contratual;MERCADO;Financeira;0173;73;REC.DAS OPER.OF.DE CREDITO-RET.DE OC.EST.MUN.;Juros e Encargos;32902101;JUROS DA DIVIDA CONTRATUAL;68143295,98
2018;Interna;Contratual;MERCADO;Financeira;0250;50;RECURSOS NAO-FINANCEIROS DIRETAM. ARRECADADOS;Juros e Encargos;32902101;JUROS DA DIVIDA CONTRATUAL;8359510,44
2018;Interna;Contratual;MERCADO;Financeira;0250;50;RECURSOS NAO-FINANCEIROS DIRETAM. ARRECADADOS;Juros e Encargos;32902201;ENCARGOS DA DIVIDA CONTRATUAL;432134,56
2018;Interna;Contratual;MERCADO;Financeira;0280;80;RECURSOS FINANCEIROS DIRETAMENTE ARRECADADOS;Principal;46907101;AMORTIZACAO DA DIVIDA CONTRATUAL;13431367,70
2018;Interna;Contratual;MERCADO;Financeira;0280;80;RECURSOS FINANCEIROS DIRETAMENTE ARRECADADOS;Juros e Encargos;32902101;JUROS DA DIVIDA CONTRATUAL;3480906,89
2018;Interna;Contratual;MERCADO;Financeira;0359;59;REC.OPER.OF.CRED.-RET.REF.DIV.MED. E L.PRAZOS;Principal;46909271;PRINCIPAL DA DIVIDA CONTRATUAL RESGATADO;39618032,91
2018;Interna;Contratual;MERCADO;Financeira;0359;59;REC.OPER.OF.CRED.-RET.REF.DIV.MED. E L.PRAZOS;Juros e Encargos;32909221;JUROS SOBRE A DIVIDA POR CONTRATO;10830770,98
2018;Interna;Política Monetária;BACEN;Financeira;0144;44;TITULOS DE RESPONSABILID.DO TESOURO NACIONAL;Principal;46902601;COBERTURA DO RESULTADO NEGATIVO DO BANCO CENTRAL DO BRASIL (LRF, ART. 7º, 1º);71419071988,64
2018;Interna;Política Monetária;BACEN;Financeira;0144;44;TITULOS DE RESPONSABILID.DO TESOURO NACIONAL;Juros e Encargos;32902601;COBERTURA DO RESULTADO NEGATIVO DO BANCO CENTRAL DO BRASIL (LRF, ART. 7º, 1º);6888322066,46
2018;Externa;Mobiliária;MERCADO;Financeira;0143;43;REFINANCIAMENTO DA DIV.PUBL.MOBIL.FEDERAL;Principal;46907601;REFINANCIAMENTO PRINCIPAL DIVIDA MOBILIARIA;548497260,52
2018;Externa;Mobiliária;MERCADO;Financeira;0143;43;REFINANCIAMENTO DA DIV.PUBL.MOBIL.FEDERAL;Principal;46907602;VARIACAO CAMBIAL DIV.MOBILIARIA REFINANCIADA;4543067,11
2018;Externa;Mobiliária;MERCADO;Financeira;0144;44;TITULOS DE RESPONSABILID.DO TESOURO NACIONAL;Juros e Encargos;32902301;JUROS DA DIVIDA MOBILIARIA;7028350832,52
2018;Externa;Mobiliária;MERCADO;Financeira;0144;44;TITULOS DE RESPONSABILID.DO TESOURO NACIONAL;Juros e Encargos;32902302;VARIACAO CAMBIAL DOS JUROS DA DIV.MOBILIARIA;20901774,43
2018;Externa;Mobiliária;MERCADO;Financeira;0144;44;TITULOS DE RESPONSABILID.DO TESOURO NACIONAL;Juros e Encargos;32902304;DESAGIOS DA DIVIDA MOBILIARIA;79683322,05
2018;Externa;Mobiliária;MERCADO;Financeira;0144;44;TITULOS DE RESPONSABILID.DO TESOURO NACIONAL;Juros e Encargos;32902401;ENCARGOS DA DIVIDA MOBILIARIA;12129212,04
2018;Externa;Contratual;MERCADO;Financeira;0143;43;REFINANCIAMENTO DA DIV.PUBL.MOBIL.FEDERAL;Principal;46907701;REFINANCIAMENTO DO PRINCIPAL - DIV.CONTRATUAL;2975751511,31
2018;Externa;Contratual;MERCADO;Financeira;0143;43;REFINANCIAMENTO DA DIV.PUBL.MOBIL.FEDERAL;Principal;46907702;VARIACAO CAMBIAL DIV.CONTRATUAL REFINANCIADA;6953962,17
2018;Externa;Contratual;MERCADO;Financeira;0144;44;TITULOS DE RESPONSABILID.DO TESOURO NACIONAL;Juros e Encargos;32902101;JUROS DA DIVIDA CONTRATUAL;968647378,85
2018;Externa;Contratual;MERCADO;Financeira;0144;44;TITULOS DE RESPONSABILID.DO TESOURO NACIONAL;Juros e Encargos;32902102;VARIACAO CAMBIAL JUROS DA DIVIDA CONTRATUAL;2023971,58
2018;Externa;Contratual;MERCADO;Financeira;0144;44;TITULOS DE RESPONSABILID.DO TESOURO NACIONAL;Juros e Encargos;32902201;ENCARGOS DA DIVIDA CONTRATUAL;107387495,81
2018;Externa;Contratual;MERCADO;Financeira;0144;44;TITULOS DE RESPONSABILID.DO TESOURO NACIONAL;Juros e Encargos;32902202;VARIACAO CAMBIAL ENCARGOS DIVIDA CONTRATUAL;521,17
